plant_id,accession,accession_slug,treatment,replicate,dag_drought_onset,drought_category,fw_g,dw_g,image_side_dir,image_top_dir,available_timepoints,num_images_side,num_images_top,is_dead
24_FabaDr_001,Aurora/2,Aurora_2,WHC-80,1,,,169.76999999999998,18.060000000000002,data/img/side_view/Acc-01 - Aurora_2/WHC-80%/Rep-1 - 24_FabaDr_001,data/img/top_view/Acc-01 - Aurora_2/WHC-80%/Rep-1 - 24_FabaDr_001,"[2, 3, 6, 7, 10, 11, 14, 17, 18, 19, 23]",33,11,False
24_FabaDr_002,Aurora/2,Aurora_2,WHC-80,2,,,101.07,10.989999999999998,data/img/side_view/Acc-01 - Aurora_2/WHC-80%/Rep-2 - 24_FabaDr_002,data/img/top_view/Acc-01 - Aurora_2/WHC-80%/Rep-2 - 24_FabaDr_002,"[2, 4, 6, 8, 10, 12, 14, 15, 18, 20, 22]",33,11,False
24_FabaDr_003,Aurora/2,Aurora_2,WHC-80,3,,,133.76999999999998,13.86,data/img/side_view/Acc-01 - Aurora_2/WHC-80%/Rep-3 - 24_FabaDr_003,data/img/top_view/Acc-01 - Aurora_2/WHC-80%/Rep-3 - 24_FabaDr_003,"[2, 5, 6, 9, 10, 13, 14, 16, 18, 21, 23]",33,11,False
24_FabaDr_004,Aurora/2,Aurora_2,WHC-30,1,28.0,Mid,69.88,7.679999999999998,data/img/side_view/Acc-01 - Aurora_2/WHC-30%/Rep-1 - 24_FabaDr_004,data/img/top_view/Acc-01 - Aurora_2/WHC-30%/Rep-1 - 24_FabaDr_004,"[2, 3, 6, 7, 10, 11, 14, 17, 18, 19, 23]",33,11,False
24_FabaDr_005,Aurora/2,Aurora_2,WHC-30,2,28.0,Mid,57.08,6.830000000000002,data/img/side_view/Acc-01 - Aurora_2/WHC-30%/Rep-2 - 24_FabaDr_005,data/img/top_view/Acc-01 - Aurora_2/WHC-30%/Rep-2 - 24_FabaDr_005,"[2, 4, 6, 8, 10, 12, 14, 15, 18, 20, 22]",33,11,False
24_FabaDr_006,Aurora/2,Aurora_2,WHC-30,3,28.0,Mid,58.85000000000001,5.890000000000001,data/img/side_view/Acc-01 - Aurora_2/WHC-30%/Rep-3 - 24_FabaDr_006,data/img/top_view/Acc-01 - Aurora_2/WHC-30%/Rep-3 - 24_FabaDr_006,"[2, 5, 6, 9, 10, 13, 14, 16, 18, 21, 23]",33,11,False
24_FabaDr_007,Mélodie/2,Mélodie_2,WHC-80,1,,,154.25,14.139999999999999,data/img/side_view/Acc-02 - Mélodie_2/WHC-80%/Rep-1 - 24_FabaDr_007,data/img/top_view/Acc-02 - Mélodie_2/WHC-80%/Rep-1 - 24_FabaDr_007,"[2, 3, 6, 7, 10, 11, 14, 17, 18, 19, 23]",33,11,False
24_FabaDr_008,Mélodie/2,Mélodie_2,WHC-80,2,,,159.85000000000002,17.119999999999997,data/img/side_view/Acc-02 - Mélodie_2/WHC-80%/Rep-2 - 24_FabaDr_008,data/img/top_view/Acc-02 - Mélodie_2/WHC-80%/Rep-2 - 24_FabaDr_008,"[2, 4, 6, 8, 10, 12, 14, 15, 18, 20, 22, 23]",36,12,False
24_FabaDr_009,Mélodie/2,Mélodie_2,WHC-80,3,,,110.83000000000001,10.450000000000001,data/img/side_view/Acc-02 - Mélodie_2/WHC-80%/Rep-3 - 24_FabaDr_009,data/img/top_view/Acc-02 - Mélodie_2/WHC-80%/Rep-3 - 24_FabaDr_009,"[2, 5, 6, 9, 10, 13, 14, 16, 18, 21, 23]",33,11,False
24_FabaDr_010,Mélodie/2,Mélodie_2,WHC-30,1,28.0,Mid,61.62,6.630000000000001,data/img/side_view/Acc-02 - Mélodie_2/WHC-30%/Rep-1 - 24_FabaDr_010,data/img/top_view/Acc-02 - Mélodie_2/WHC-30%/Rep-1 - 24_FabaDr_010,"[2, 3, 6, 7, 10, 11, 14, 17, 18, 19, 23]",33,11,False
24_FabaDr_011,Mélodie/2,Mélodie_2,WHC-30,2,28.0,Mid,73.74,7.98,data/img/side_view/Acc-02 - Mélodie_2/WHC-30%/Rep-2 - 24_FabaDr_011,data/img/top_view/Acc-02 - Mélodie_2/WHC-30%/Rep-2 - 24_FabaDr_011,"[2, 4, 6, 8, 10, 12, 14, 15, 18, 20, 22, 23]",36,12,False
24_FabaDr_012,Mélodie/2,Mélodie_2,WHC-30,3,28.0,Mid,67.17,6.470000000000001,data/img/side_view/Acc-02 - Mélodie_2/WHC-30%/Rep-3 - 24_FabaDr_012,data/img/top_view/Acc-02 - Mélodie_2/WHC-30%/Rep-3 - 24_FabaDr_012,"[2, 5, 6, 9, 10, 13, 14, 16, 18, 21, 23]",33,11,False
24_FabaDr_013,ILB 938/2,ILB 938_2,WHC-80,1,,,124.92999999999999,14.540000000000001,data/img/side_view/Acc-03 - ILB 938_2/WHC-80%/Rep-1 - 24_FabaDr_013,data/img/top_view/Acc-03 - ILB 938_2/WHC-80%/Rep-1 - 24_FabaDr_013,"[2, 3, 6, 7, 10, 11, 14, 17, 18, 19, 23]",33,11,False
24_FabaDr_014,ILB 938/2,ILB 938_2,WHC-80,2,,,128.1,12.74,data/img/side_view/Acc-03 - ILB 938_2/WHC-80%/Rep-2 - 24_FabaDr_014,data/img/top_view/Acc-03 - ILB 938_2/WHC-80%/Rep-2 - 24_FabaDr_014,"[2, 4, 6, 8, 10, 12, 14, 15, 18, 20, 22]",33,11,False
24_FabaDr_015,ILB 938/2,ILB 938_2,WHC-80,3,,,139.87,14.120000000000001,data/img/side_view/Acc-03 - ILB 938_2/WHC-80%/Rep-3 - 24_FabaDr_015,data/img/top_view/Acc-03 - ILB 938_2/WHC-80%/Rep-3 - 24_FabaDr_015,"[2, 5, 6, 9, 10, 13, 14, 16, 18, 21, 23]",33,11,False
24_FabaDr_016,ILB 938/2,ILB 938_2,WHC-30,1,13.0,Early,52.400000000000006,5.9300000000000015,data/img/side_view/Acc-03 - ILB 938_2/WHC-30%/Rep-1 - 24_FabaDr_016,data/img/top_view/Acc-03 - ILB 938_2/WHC-30%/Rep-1 - 24_FabaDr_016,"[2, 3, 6, 7, 10, 11, 14, 17, 18, 19, 23]",33,11,False
24_FabaDr_017,ILB 938/2,ILB 938_2,WHC-30,2,13.0,Early,50.22,5.979999999999999,data/img/side_view/Acc-03 - ILB 938_2/WHC-30%/Rep-2 - 24_FabaDr_017,data/img/top_view/Acc-03 - ILB 938_2/WHC-30%/Rep-2 - 24_FabaDr_017,"[2, 4, 6, 8, 10, 12, 14, 15, 18, 20, 22]",33,11,False
24_FabaDr_018,ILB 938/2,ILB 938_2,WHC-30,3,13.0,Early,36.349999999999994,5.229999999999999,data/img/side_view/Acc-03 - ILB 938_2/WHC-30%/Rep-3 - 24_FabaDr_018,data/img/top_view/Acc-03 - ILB 938_2/WHC-30%/Rep-3 - 24_FabaDr_018,"[2, 5, 6, 9, 10, 13, 14, 16, 18, 21, 23]",33,11,False
24_FabaDr_019,Birgit,Birgit,WHC-80,1,,,141.01,13.94,data/img/side_view/Acc-04 - Birgit/WHC-80%/Rep-1 - 24_FabaDr_019,data/img/top_view/Acc-04 - Birgit/WHC-80%/Rep-1 - 24_FabaDr_019,"[2, 3, 6, 7, 10, 11, 14, 17, 18, 19, 23]",33,11,False
24_FabaDr_020,Birgit,Birgit,WHC-80,2,,,129.51,11.23,data/img/side_view/Acc-04 - Birgit/WHC-80%/Rep-2 - 24_FabaDr_020,data/img/top_view/Acc-04 - Birgit/WHC-80%/Rep-2 - 24_FabaDr_020,"[2, 4, 6, 8, 10, 12, 14, 15, 18, 20, 23]",33,11,False
24_FabaDr_021,Birgit,Birgit,WHC-80,3,,,157.17999999999998,16.509999999999998,data/img/side_view/Acc-04 - Birgit/WHC-80%/Rep-3 - 24_FabaDr_021,data/img/top_view/Acc-04 - Birgit/WHC-80%/Rep-3 - 24_FabaDr_021,"[2, 5, 6, 9, 10, 13, 14, 16, 18, 21, 23]",33,11,False
24_FabaDr_022,Birgit,Birgit,WHC-30,1,38.0,Late,92.77000000000001,9.0,data/img/side_view/Acc-04 - Birgit/WHC-30%/Rep-1 - 24_FabaDr_022,data/img/top_view/Acc-04 - Birgit/WHC-30%/Rep-1 - 24_FabaDr_022,"[2, 3, 6, 7, 10, 11, 14, 17, 18, 19, 23]",33,11,False
24_FabaDr_023,Birgit,Birgit,WHC-30,2,38.0,Late,80.11,8.690000000000001,data/img/side_view/Acc-04 - Birgit/WHC-30%/Rep-2 - 24_FabaDr_023,data/img/top_view/Acc-04 - Birgit/WHC-30%/Rep-2 - 24_FabaDr_023,"[2, 4, 6, 8, 10, 12, 14, 15, 18, 20, 22]",33,11,False
24_FabaDr_024,Birgit,Birgit,WHC-30,3,38.0,Late,56.22,5.499999999999998,data/img/side_view/Acc-04 - Birgit/WHC-30%/Rep-3 - 24_FabaDr_024,data/img/top_view/Acc-04 - Birgit/WHC-30%/Rep-3 - 24_FabaDr_024,"[2, 5, 6, 9, 10, 13, 14, 16, 18, 21, 23]",33,11,False
24_FabaDr_025,Tiffany,Tiffany,WHC-80,1,,,168.81,18.41,data/img/side_view/Acc-05 - Tiffany/WHC-80%/Rep-1 - 24_FabaDr_025,data/img/top_view/Acc-05 - Tiffany/WHC-80%/Rep-1 - 24_FabaDr_025,"[2, 3, 6, 7, 10, 11, 14, 17, 18, 19, 23]",33,11,False
24_FabaDr_026,Tiffany,Tiffany,WHC-80,2,,,102.5,12.419999999999998,data/img/side_view/Acc-05 - Tiffany/WHC-80%/Rep-2 - 24_FabaDr_026,data/img/top_view/Acc-05 - Tiffany/WHC-80%/Rep-2 - 24_FabaDr_026,"[2, 4, 6, 8, 10, 12, 14, 15, 18, 20, 22]",33,11,False
24_FabaDr_027,Tiffany,Tiffany,WHC-80,3,,,94.9,14.259999999999998,data/img/side_view/Acc-05 - Tiffany/WHC-80%/Rep-3 - 24_FabaDr_027,data/img/top_view/Acc-05 - Tiffany/WHC-80%/Rep-3 - 24_FabaDr_027,"[2, 5, 6, 9, 10, 13, 14, 16, 18, 21, 23]",33,11,False
24_FabaDr_028,Tiffany,Tiffany,WHC-30,1,14.0,Early,71.04,7.329999999999998,data/img/side_view/Acc-05 - Tiffany/WHC-30%/Rep-1 - 24_FabaDr_028,data/img/top_view/Acc-05 - Tiffany/WHC-30%/Rep-1 - 24_FabaDr_028,"[2, 3, 6, 7, 10, 11, 14, 17, 18, 19, 23]",33,11,False
24_FabaDr_029,Tiffany,Tiffany,WHC-30,2,14.0,Early,64.78,7.299999999999999,data/img/side_view/Acc-05 - Tiffany/WHC-30%/Rep-2 - 24_FabaDr_029,data/img/top_view/Acc-05 - Tiffany/WHC-30%/Rep-2 - 24_FabaDr_029,"[2, 4, 6, 8, 10, 12, 14, 15, 18, 20, 22]",33,11,False
24_FabaDr_030,Tiffany,Tiffany,WHC-30,3,14.0,Early,78.42999999999999,7.75,data/img/side_view/Acc-05 - Tiffany/WHC-30%/Rep-3 - 24_FabaDr_030,data/img/top_view/Acc-05 - Tiffany/WHC-30%/Rep-3 - 24_FabaDr_030,"[2, 5, 6, 9, 10, 13, 14, 16, 18, 21, 23]",33,11,False
24_FabaDr_031,Taifun,Taifun,WHC-80,1,,,141.8,14.989999999999998,data/img/side_view/Acc-06 - Taifun/WHC-80%/Rep-1 - 24_FabaDr_031,data/img/top_view/Acc-06 - Taifun/WHC-80%/Rep-1 - 24_FabaDr_031,"[2, 3, 6, 7, 10, 11, 14, 17, 18, 19, 23]",33,11,False
24_FabaDr_032,Taifun,Taifun,WHC-80,2,,,131.7,13.620000000000001,data/img/side_view/Acc-06 - Taifun/WHC-80%/Rep-2 - 24_FabaDr_032,data/img/top_view/Acc-06 - Taifun/WHC-80%/Rep-2 - 24_FabaDr_032,"[2, 4, 6, 8, 10, 12, 14, 15, 18, 20, 22]",33,11,False
24_FabaDr_033,Taifun,Taifun,WHC-80,3,,,114.23999999999998,11.309999999999999,data/img/side_view/Acc-06 - Taifun/WHC-80%/Rep-3 - 24_FabaDr_033,data/img/top_view/Acc-06 - Taifun/WHC-80%/Rep-3 - 24_FabaDr_033,"[2, 5, 6, 9, 10, 13, 14, 16, 18, 21, 23]",33,11,False
24_FabaDr_034,Taifun,Taifun,WHC-30,1,20.0,Early,67.24,6.879999999999999,data/img/side_view/Acc-06 - Taifun/WHC-30%/Rep-1 - 24_FabaDr_034,data/img/top_view/Acc-06 - Taifun/WHC-30%/Rep-1 - 24_FabaDr_034,"[2, 3, 6, 7, 10, 11, 14, 17, 18, 19, 23]",33,11,False
24_FabaDr_035,Taifun,Taifun,WHC-30,2,20.0,Early,62.41,5.3199999999999985,data/img/side_view/Acc-06 - Taifun/WHC-30%/Rep-2 - 24_FabaDr_035,data/img/top_view/Acc-06 - Taifun/WHC-30%/Rep-2 - 24_FabaDr_035,"[2, 4, 6, 8, 10, 12, 14, 15, 18, 20, 22]",33,11,False
24_FabaDr_036,Taifun,Taifun,WHC-30,3,20.0,Early,63.900000000000006,6.700000000000001,data/img/side_view/Acc-06 - Taifun/WHC-30%/Rep-3 - 24_FabaDr_036,data/img/top_view/Acc-06 - Taifun/WHC-30%/Rep-3 - 24_FabaDr_036,"[2, 5, 6, 9, 10, 13, 14, 16, 18, 21, 23]",33,11,False
24_FabaDr_037,Hedin/2,Hedin_2,WHC-80,1,,,95.48,9.799999999999999,data/img/side_view/Acc-07 - Hedin_2/WHC-80%/Rep-1 - 24_FabaDr_037,data/img/top_view/Acc-07 - Hedin_2/WHC-80%/Rep-1 - 24_FabaDr_037,"[2, 3, 6, 7, 10, 11, 14, 17, 18, 19, 23]",33,11,False
24_FabaDr_038,Hedin/2,Hedin_2,WHC-80,2,,,64.66,5.459999999999999,data/img/side_view/Acc-07 - Hedin_2/WHC-80%/Rep-2 - 24_FabaDr_038,data/img/top_view/Acc-07 - Hedin_2/WHC-80%/Rep-2 - 24_FabaDr_038,"[2, 4, 6, 8, 10, 12, 14, 15, 18, 20, 22]",33,11,False
24_FabaDr_039,Hedin/2,Hedin_2,WHC-80,3,,,108.5,10.28,data/img/side_view/Acc-07 - Hedin_2/WHC-80%/Rep-3 - 24_FabaDr_039,data/img/top_view/Acc-07 - Hedin_2/WHC-80%/Rep-3 - 24_FabaDr_039,"[2, 5, 6, 9, 10, 13, 14, 16, 18, 21, 23]",33,11,False
24_FabaDr_040,Hedin/2,Hedin_2,WHC-30,1,35.0,Late,31.14,2.08,data/img/side_view/Acc-07 - Hedin_2/WHC-30%/Rep-1 - 24_FabaDr_040,data/img/top_view/Acc-07 - Hedin_2/WHC-30%/Rep-1 - 24_FabaDr_040,"[2, 3, 6, 7, 10, 11, 14, 17, 18, 19, 23]",33,11,False
24_FabaDr_041,Hedin/2,Hedin_2,WHC-30,2,35.0,Late,54.599999999999994,15.57,data/img/side_view/Acc-07 - Hedin_2/WHC-30%/Rep-2 - 24_FabaDr_041,data/img/top_view/Acc-07 - Hedin_2/WHC-30%/Rep-2 - 24_FabaDr_041,"[2, 4, 6, 8, 10, 12, 14, 15, 18, 20, 22]",33,11,False
24_FabaDr_042,Hedin/2,Hedin_2,WHC-30,3,35.0,Late,45.29,4.75,data/img/side_view/Acc-07 - Hedin_2/WHC-30%/Rep-3 - 24_FabaDr_042,data/img/top_view/Acc-07 - Hedin_2/WHC-30%/Rep-3 - 24_FabaDr_042,"[2, 5, 6, 9, 10, 13, 14, 16, 18, 21, 23]",33,11,False
24_FabaDr_043,Kontu,Kontu,WHC-80,1,,,177.51999999999998,22.39,data/img/side_view/Acc-08 - Kontu/WHC-80%/Rep-1 - 24_FabaDr_043,data/img/top_view/Acc-08 - Kontu/WHC-80%/Rep-1 - 24_FabaDr_043,"[2, 3, 6, 7, 10, 11, 14, 17, 18, 19, 23]",33,11,False
24_FabaDr_044,Kontu,Kontu,WHC-80,2,,,128.51999999999998,16.08,data/img/side_view/Acc-08 - Kontu/WHC-80%/Rep-2 - 24_FabaDr_044,data/img/top_view/Acc-08 - Kontu/WHC-80%/Rep-2 - 24_FabaDr_044,"[2, 4, 6, 8, 10, 12, 14, 15, 18, 20, 22]",33,11,False
24_FabaDr_045,Kontu,Kontu,WHC-80,3,,,89.55999999999999,8.910000000000002,data/img/side_view/Acc-08 - Kontu/WHC-80%/Rep-3 - 24_FabaDr_045,data/img/top_view/Acc-08 - Kontu/WHC-80%/Rep-3 - 24_FabaDr_045,"[2, 5, 6, 9, 10, 13, 14, 16, 18, 21, 23]",33,11,False
24_FabaDr_046,Kontu,Kontu,WHC-30,1,13.0,Early,69.71000000000001,7.059999999999999,data/img/side_view/Acc-08 - Kontu/WHC-30%/Rep-1 - 24_FabaDr_046,data/img/top_view/Acc-08 - Kontu/WHC-30%/Rep-1 - 24_FabaDr_046,"[2, 3, 6, 7, 10, 11, 14, 17, 18, 19, 23]",33,11,False
24_FabaDr_047,Kontu,Kontu,WHC-30,2,13.0,Early,224.26,22.620000000000005,data/img/side_view/Acc-08 - Kontu/WHC-30%/Rep-2 - 24_FabaDr_047,data/img/top_view/Acc-08 - Kontu/WHC-30%/Rep-2 - 24_FabaDr_047,"[2, 4, 6, 8, 10, 12, 14, 15, 18, 20, 23]",33,11,False
24_FabaDr_048,Kontu,Kontu,WHC-30,3,13.0,Early,64.32,6.959999999999999,data/img/side_view/Acc-08 - Kontu/WHC-30%/Rep-3 - 24_FabaDr_048,data/img/top_view/Acc-08 - Kontu/WHC-30%/Rep-3 - 24_FabaDr_048,"[2, 5, 6, 9, 10, 13, 14, 16, 18, 21, 23]",33,11,False
24_FabaDr_049,Fuego,Fuego,WHC-80,1,,,123.07000000000001,12.26,data/img/side_view/Acc-09 - Fuego/WHC-80%/Rep-1 - 24_FabaDr_049,data/img/top_view/Acc-09 - Fuego/WHC-80%/Rep-1 - 24_FabaDr_049,"[2, 3, 6, 7, 10, 11, 14, 17, 18, 19, 23]",33,11,False
24_FabaDr_050,Fuego,Fuego,WHC-80,2,,,170.72,16.75,data/img/side_view/Acc-09 - Fuego/WHC-80%/Rep-2 - 24_FabaDr_050,data/img/top_view/Acc-09 - Fuego/WHC-80%/Rep-2 - 24_FabaDr_050,"[2, 4, 6, 8, 10, 12, 14, 15, 18, 20, 23]",33,11,False
24_FabaDr_051,Fuego,Fuego,WHC-80,3,,,147.35999999999999,14.090000000000002,data/img/side_view/Acc-09 - Fuego/WHC-80%/Rep-3 - 24_FabaDr_051,data/img/top_view/Acc-09 - Fuego/WHC-80%/Rep-3 - 24_FabaDr_051,"[2, 5, 6, 9, 10, 13, 14, 16, 18, 21, 23]",33,11,False
24_FabaDr_052,Fuego,Fuego,WHC-30,1,28.0,Mid,86.16,9.040000000000001,data/img/side_view/Acc-09 - Fuego/WHC-30%/Rep-1 - 24_FabaDr_052,data/img/top_view/Acc-09 - Fuego/WHC-30%/Rep-1 - 24_FabaDr_052,"[2, 3, 6, 7, 10, 11, 14, 17, 18, 19, 23]",33,11,False
24_FabaDr_053,Fuego,Fuego,WHC-30,2,28.0,Mid,69.92,7.42,data/img/side_view/Acc-09 - Fuego/WHC-30%/Rep-2 - 24_FabaDr_053,data/img/top_view/Acc-09 - Fuego/WHC-30%/Rep-2 - 24_FabaDr_053,"[2, 4, 6, 8, 10, 12, 14, 15, 18, 20, 22]",33,11,False
24_FabaDr_054,Fuego,Fuego,WHC-30,3,28.0,Mid,76.97,7.760000000000002,data/img/side_view/Acc-09 - Fuego/WHC-30%/Rep-3 - 24_FabaDr_054,data/img/top_view/Acc-09 - Fuego/WHC-30%/Rep-3 - 24_FabaDr_054,"[2, 5, 6, 9, 10, 13, 14, 16, 18, 21, 23]",33,11,False
24_FabaDr_055,Fanfare,Fanfare,WHC-80,1,,,147.3,14.78,data/img/side_view/Acc-10 - Fanfare/WHC-80%/Rep-1 - 24_FabaDr_055,data/img/top_view/Acc-10 - Fanfare/WHC-80%/Rep-1 - 24_FabaDr_055,"[2, 3, 6, 7, 10, 11, 14, 17, 18, 19, 23]",33,11,False
24_FabaDr_056,Fanfare,Fanfare,WHC-80,2,,,57.44,5.3100000000000005,data/img/side_view/Acc-10 - Fanfare/WHC-80%/Rep-2 - 24_FabaDr_056,data/img/top_view/Acc-10 - Fanfare/WHC-80%/Rep-2 - 24_FabaDr_056,"[2, 4, 6, 8, 10, 12, 14, 15, 18, 20, 23]",33,11,False
24_FabaDr_057,Fanfare,Fanfare,WHC-80,3,,,146.57,15.769999999999998,data/img/side_view/Acc-10 - Fanfare/WHC-80%/Rep-3 - 24_FabaDr_057,data/img/top_view/Acc-10 - Fanfare/WHC-80%/Rep-3 - 24_FabaDr_057,"[2, 5, 6, 9, 10, 13, 14, 16, 18, 21, 23]",33,11,False
24_FabaDr_058,Fanfare,Fanfare,WHC-30,1,28.0,Mid,82.64999999999999,8.46,data/img/side_view/Acc-10 - Fanfare/WHC-30%/Rep-1 - 24_FabaDr_058,data/img/top_view/Acc-10 - Fanfare/WHC-30%/Rep-1 - 24_FabaDr_058,"[2, 3, 6, 7, 10, 11, 14, 17, 18, 19, 23]",33,11,False
24_FabaDr_059,Fanfare,Fanfare,WHC-30,2,28.0,Mid,105.97,11.409999999999998,data/img/side_view/Acc-10 - Fanfare/WHC-30%/Rep-2 - 24_FabaDr_059,data/img/top_view/Acc-10 - Fanfare/WHC-30%/Rep-2 - 24_FabaDr_059,"[2, 4, 6, 8, 10, 12, 14, 15, 18, 20, 22]",33,11,False
24_FabaDr_060,Fanfare,Fanfare,WHC-30,3,28.0,Mid,77.4,8.13,data/img/side_view/Acc-10 - Fanfare/WHC-30%/Rep-3 - 24_FabaDr_060,data/img/top_view/Acc-10 - Fanfare/WHC-30%/Rep-3 - 24_FabaDr_060,"[2, 5, 6, 9, 10, 13, 14, 16, 18, 21, 23]",33,11,False
24_FabaDr_061,Brottby,Brottby,WHC-80,1,,,177.28,19.82,data/img/side_view/Acc-11 - Brottby/WHC-80%/Rep-1 - 24_FabaDr_061,data/img/top_view/Acc-11 - Brottby/WHC-80%/Rep-1 - 24_FabaDr_061,"[2, 3, 6, 7, 10, 11, 14, 17, 18, 19, 23]",33,11,False
24_FabaDr_062,Brottby,Brottby,WHC-80,2,,,136.87,13.98,data/img/side_view/Acc-11 - Brottby/WHC-80%/Rep-2 - 24_FabaDr_062,data/img/top_view/Acc-11 - Brottby/WHC-80%/Rep-2 - 24_FabaDr_062,"[2, 4, 6, 8, 10, 12, 14, 15, 18, 20, 23]",33,11,False
24_FabaDr_063,Brottby,Brottby,WHC-80,3,,,68.52,6.220000000000001,data/img/side_view/Acc-11 - Brottby/WHC-80%/Rep-3 - 24_FabaDr_063,data/img/top_view/Acc-11 - Brottby/WHC-80%/Rep-3 - 24_FabaDr_063,"[2, 5, 6, 9, 10, 13, 14, 16, 18, 21, 23]",33,11,False
24_FabaDr_064,Brottby,Brottby,WHC-30,1,33.0,Late,76.35,8.18,data/img/side_view/Acc-11 - Brottby/WHC-30%/Rep-1 - 24_FabaDr_064,data/img/top_view/Acc-11 - Brottby/WHC-30%/Rep-1 - 24_FabaDr_064,"[2, 3, 6, 7, 10, 11, 14, 17, 18, 19, 23]",33,11,False
24_FabaDr_065,Brottby,Brottby,WHC-30,2,33.0,Late,74.21000000000001,8.159999999999998,data/img/side_view/Acc-11 - Brottby/WHC-30%/Rep-2 - 24_FabaDr_065,data/img/top_view/Acc-11 - Brottby/WHC-30%/Rep-2 - 24_FabaDr_065,"[2, 4, 6, 8, 10, 12, 14, 15, 18, 20, 22]",33,11,False
24_FabaDr_066,Brottby,Brottby,WHC-30,3,33.0,Late,51.230000000000004,5.93,data/img/side_view/Acc-11 - Brottby/WHC-30%/Rep-3 - 24_FabaDr_066,data/img/top_view/Acc-11 - Brottby/WHC-30%/Rep-3 - 24_FabaDr_066,"[2, 5, 6, 9, 10, 13, 14, 16, 18, 21, 23]",33,11,False
24_FabaDr_067,Solberga,Solberga,WHC-80,1,,,212.38,22.15,data/img/side_view/Acc-12 - Solberga/WHC-80%/Rep-1 - 24_FabaDr_067,data/img/top_view/Acc-12 - Solberga/WHC-80%/Rep-1 - 24_FabaDr_067,"[2, 3, 6, 7, 10, 11, 14, 17, 18, 19, 23]",33,11,False
24_FabaDr_068,Solberga,Solberga,WHC-80,2,,,188.27,18.85,data/img/side_view/Acc-12 - Solberga/WHC-80%/Rep-2 - 24_FabaDr_068,data/img/top_view/Acc-12 - Solberga/WHC-80%/Rep-2 - 24_FabaDr_068,"[2, 4, 6, 8, 10, 12, 14, 15, 18, 20, 22]",33,11,False
24_FabaDr_069,Solberga,Solberga,WHC-80,3,,,210.73,23.75,data/img/side_view/Acc-12 - Solberga/WHC-80%/Rep-3 - 24_FabaDr_069,data/img/top_view/Acc-12 - Solberga/WHC-80%/Rep-3 - 24_FabaDr_069,"[2, 5, 6, 9, 10, 13, 14, 16, 18, 21, 23]",33,11,False
24_FabaDr_070,Solberga,Solberga,WHC-30,1,20.0,Early,92.35,11.060000000000002,data/img/side_view/Acc-12 - Solberga/WHC-30%/Rep-1 - 24_FabaDr_070,data/img/top_view/Acc-12 - Solberga/WHC-30%/Rep-1 - 24_FabaDr_070,"[2, 3, 6, 7, 10, 11, 14, 17, 18, 19, 23]",33,11,False
24_FabaDr_071,Solberga,Solberga,WHC-30,2,20.0,Early,100.99000000000001,10.680000000000001,data/img/side_view/Acc-12 - Solberga/WHC-30%/Rep-2 - 24_FabaDr_071,data/img/top_view/Acc-12 - Solberga/WHC-30%/Rep-2 - 24_FabaDr_071,"[2, 4, 6, 8, 10, 12, 14, 15, 18, 20, 22]",33,11,False
24_FabaDr_072,Solberga,Solberga,WHC-30,3,20.0,Early,73.0,7.419999999999998,data/img/side_view/Acc-12 - Solberga/WHC-30%/Rep-3 - 24_FabaDr_072,data/img/top_view/Acc-12 - Solberga/WHC-30%/Rep-3 - 24_FabaDr_072,"[2, 5, 6, 9, 10, 13, 14, 16, 18, 21, 23]",33,11,False
24_FabaDr_073,Karra,Karra,WHC-80,1,,,168.93,16.509999999999998,data/img/side_view/Acc-13 - Karra/WHC-80%/Rep-1 - 24_FabaDr_073,data/img/top_view/Acc-13 - Karra/WHC-80%/Rep-1 - 24_FabaDr_073,"[2, 3, 6, 7, 10, 11, 14, 17, 18, 19, 23]",33,11,False
24_FabaDr_074,Karra,Karra,WHC-80,2,,,192.51,19.470000000000002,data/img/side_view/Acc-13 - Karra/WHC-80%/Rep-2 - 24_FabaDr_074,data/img/top_view/Acc-13 - Karra/WHC-80%/Rep-2 - 24_FabaDr_074,"[2, 4, 6, 8, 10, 12, 14, 15, 18, 20, 23]",33,11,False
24_FabaDr_075,Karra,Karra,WHC-80,3,,,153.06,15.96,data/img/side_view/Acc-13 - Karra/WHC-80%/Rep-3 - 24_FabaDr_075,data/img/top_view/Acc-13 - Karra/WHC-80%/Rep-3 - 24_FabaDr_075,"[2, 5, 6, 9, 10, 13, 14, 16, 18, 21, 23]",33,11,False
24_FabaDr_076,Karra,Karra,WHC-30,1,33.0,Late,110.16000000000001,12.24,data/img/side_view/Acc-13 - Karra/WHC-30%/Rep-1 - 24_FabaDr_076,data/img/top_view/Acc-13 - Karra/WHC-30%/Rep-1 - 24_FabaDr_076,"[2, 3, 6, 7, 10, 11, 14, 17, 18, 19, 23]",33,11,False
24_FabaDr_077,Karra,Karra,WHC-30,2,33.0,Late,70.25999999999999,7.839999999999998,data/img/side_view/Acc-13 - Karra/WHC-30%/Rep-2 - 24_FabaDr_077,data/img/top_view/Acc-13 - Karra/WHC-30%/Rep-2 - 24_FabaDr_077,"[2, 4, 6, 8, 10, 12, 14, 15, 18, 20, 22]",33,11,False
24_FabaDr_078,Karra,Karra,WHC-30,3,33.0,Late,74.83,8.780000000000001,data/img/side_view/Acc-13 - Karra/WHC-30%/Rep-3 - 24_FabaDr_078,data/img/top_view/Acc-13 - Karra/WHC-30%/Rep-3 - 24_FabaDr_078,"[2, 5, 6, 9, 10, 13, 14, 16, 18, 21, 23]",33,11,False
24_FabaDr_079,Odenslund,Odenslund,WHC-80,1,,,124.15,14.110000000000001,data/img/side_view/Acc-14 - Odenslund/WHC-80%/Rep-1 - 24_FabaDr_079,data/img/top_view/Acc-14 - Odenslund/WHC-80%/Rep-1 - 24_FabaDr_079,"[2, 3, 6, 7, 10, 11, 14, 17, 18, 19, 23]",33,11,False
24_FabaDr_080,Odenslund,Odenslund,WHC-80,2,,,216.81,20.879999999999995,data/img/side_view/Acc-14 - Odenslund/WHC-80%/Rep-2 - 24_FabaDr_080,data/img/top_view/Acc-14 - Odenslund/WHC-80%/Rep-2 - 24_FabaDr_080,"[2, 4, 6, 8, 10, 12, 14, 15, 18, 20, 23]",33,11,False
24_FabaDr_081,Odenslund,Odenslund,WHC-80,3,,,215.69,22.85,data/img/side_view/Acc-14 - Odenslund/WHC-80%/Rep-3 - 24_FabaDr_081,data/img/top_view/Acc-14 - Odenslund/WHC-80%/Rep-3 - 24_FabaDr_081,"[2, 5, 6, 9, 10, 13, 14, 16, 18, 21, 23]",33,11,False
24_FabaDr_082,Odenslund,Odenslund,WHC-30,1,20.0,Early,73.9,7.459999999999999,data/img/side_view/Acc-14 - Odenslund/WHC-30%/Rep-1 - 24_FabaDr_082,data/img/top_view/Acc-14 - Odenslund/WHC-30%/Rep-1 - 24_FabaDr_082,"[2, 3, 6, 7, 10, 11, 14, 17, 18, 19, 23]",33,11,False
24_FabaDr_083,Odenslund,Odenslund,WHC-30,2,20.0,Early,68.25,5.950000000000001,data/img/side_view/Acc-14 - Odenslund/WHC-30%/Rep-2 - 24_FabaDr_083,data/img/top_view/Acc-14 - Odenslund/WHC-30%/Rep-2 - 24_FabaDr_083,"[2, 4, 6, 8, 10, 12, 14, 15, 18, 20, 23]",33,11,False
24_FabaDr_084,Odenslund,Odenslund,WHC-30,3,20.0,Early,32.0,3.74,data/img/side_view/Acc-14 - Odenslund/WHC-30%/Rep-3 - 24_FabaDr_084,data/img/top_view/Acc-14 - Odenslund/WHC-30%/Rep-3 - 24_FabaDr_084,"[2, 5, 6, 9, 10, 13, 14, 16, 18, 21, 23]",33,11,False
24_FabaDr_085,Lovanger,Lovanger,WHC-80,1,,,177.41,20.78,data/img/side_view/Acc-15 - Lovanger/WHC-80%/Rep-1 - 24_FabaDr_085,data/img/top_view/Acc-15 - Lovanger/WHC-80%/Rep-1 - 24_FabaDr_085,"[2, 3, 6, 7, 10, 11, 14, 17, 18, 19, 23]",33,11,False
24_FabaDr_086,Lovanger,Lovanger,WHC-80,2,,,187.32000000000002,18.939999999999998,data/img/side_view/Acc-15 - Lovanger/WHC-80%/Rep-2 - 24_FabaDr_086,data/img/top_view/Acc-15 - Lovanger/WHC-80%/Rep-2 - 24_FabaDr_086,"[2, 4, 6, 8, 10, 12, 14, 15, 18, 20, 23]",33,11,False
24_FabaDr_087,Lovanger,Lovanger,WHC-80,3,,,130.01000000000002,16.590000000000003,data/img/side_view/Acc-15 - Lovanger/WHC-80%/Rep-3 - 24_FabaDr_087,data/img/top_view/Acc-15 - Lovanger/WHC-80%/Rep-3 - 24_FabaDr_087,"[2, 5, 6, 9, 10, 13, 14, 16, 18, 21, 23]",33,11,False
24_FabaDr_088,Lovanger,Lovanger,WHC-30,1,38.0,Late,90.89,11.22,data/img/side_view/Acc-15 - Lovanger/WHC-30%/Rep-1 - 24_FabaDr_088,data/img/top_view/Acc-15 - Lovanger/WHC-30%/Rep-1 - 24_FabaDr_088,"[2, 3, 6, 7, 10, 11, 14, 17, 18, 19, 23]",33,11,False
24_FabaDr_089,Lovanger,Lovanger,WHC-30,2,38.0,Late,80.75,8.920000000000002,data/img/side_view/Acc-15 - Lovanger/WHC-30%/Rep-2 - 24_FabaDr_089,data/img/top_view/Acc-15 - Lovanger/WHC-30%/Rep-2 - 24_FabaDr_089,"[2, 4, 6, 8, 10, 12, 14, 15, 18, 20, 23]",33,11,False
24_FabaDr_090,Lovanger,Lovanger,WHC-30,3,38.0,Late,85.76,9.02,data/img/side_view/Acc-15 - Lovanger/WHC-30%/Rep-3 - 24_FabaDr_090,data/img/top_view/Acc-15 - Lovanger/WHC-30%/Rep-3 - 24_FabaDr_090,"[2, 5, 6, 9, 10, 13, 14, 16, 18, 21, 23]",33,11,False
24_FabaDr_091,Dalabona,Dalabona,WHC-80,1,,,193.31,17.72,data/img/side_view/Acc-16 - Dalabona/WHC-80%/Rep-1 - 24_FabaDr_091,data/img/top_view/Acc-16 - Dalabona/WHC-80%/Rep-1 - 24_FabaDr_091,"[2, 3, 6, 7, 10, 11, 14, 17, 18, 19, 23]",33,11,False
24_FabaDr_092,Dalabona,Dalabona,WHC-80,2,,,212.6,21.36,data/img/side_view/Acc-16 - Dalabona/WHC-80%/Rep-2 - 24_FabaDr_092,data/img/top_view/Acc-16 - Dalabona/WHC-80%/Rep-2 - 24_FabaDr_092,"[2, 4, 6, 8, 10, 12, 14, 15, 18, 20, 22]",33,11,False
24_FabaDr_093,Dalabona,Dalabona,WHC-80,3,,,145.79,14.61,data/img/side_view/Acc-16 - Dalabona/WHC-80%/Rep-3 - 24_FabaDr_093,data/img/top_view/Acc-16 - Dalabona/WHC-80%/Rep-3 - 24_FabaDr_093,"[2, 5, 6, 9, 10, 13, 14, 16, 18, 21, 23]",33,11,False
24_FabaDr_094,Dalabona,Dalabona,WHC-30,1,33.0,Late,63.86000000000001,5.619999999999999,data/img/side_view/Acc-16 - Dalabona/WHC-30%/Rep-1 - 24_FabaDr_094,data/img/top_view/Acc-16 - Dalabona/WHC-30%/Rep-1 - 24_FabaDr_094,"[2, 3, 6, 7, 10, 11, 14, 17, 18, 19, 23]",33,11,False
24_FabaDr_095,Dalabona,Dalabona,WHC-30,2,33.0,Late,101.53,5.619999999999999,data/img/side_view/Acc-16 - Dalabona/WHC-30%/Rep-2 - 24_FabaDr_095,data/img/top_view/Acc-16 - Dalabona/WHC-30%/Rep-2 - 24_FabaDr_095,"[2, 4, 6, 8, 10, 12, 14, 15, 18, 20, 22]",33,11,False
24_FabaDr_096,Dalabona,Dalabona,WHC-30,3,33.0,Late,80.42999999999999,9.469999999999999,data/img/side_view/Acc-16 - Dalabona/WHC-30%/Rep-3 - 24_FabaDr_096,data/img/top_view/Acc-16 - Dalabona/WHC-30%/Rep-3 - 24_FabaDr_096,"[2, 5, 6, 9, 10, 13, 14, 16, 18, 21, 23]",33,11,False
24_FabaDr_097,Ekholmen,Ekholmen,WHC-80,1,,,155.89,14.06,data/img/side_view/Acc-17 - Ekholmen/WHC-80%/Rep-1 - 24_FabaDr_097,data/img/top_view/Acc-17 - Ekholmen/WHC-80%/Rep-1 - 24_FabaDr_097,"[2, 3, 6, 7, 10, 11, 14, 17, 18, 19, 23]",33,11,False
24_FabaDr_098,Ekholmen,Ekholmen,WHC-80,2,,,142.66,13.419999999999998,data/img/side_view/Acc-17 - Ekholmen/WHC-80%/Rep-2 - 24_FabaDr_098,data/img/top_view/Acc-17 - Ekholmen/WHC-80%/Rep-2 - 24_FabaDr_098,"[2, 4, 6, 8, 10, 12, 14, 15, 18, 20, 22]",33,11,False
24_FabaDr_099,Ekholmen,Ekholmen,WHC-80,3,,,150.95000000000002,15.120000000000001,data/img/side_view/Acc-17 - Ekholmen/WHC-80%/Rep-3 - 24_FabaDr_099,data/img/top_view/Acc-17 - Ekholmen/WHC-80%/Rep-3 - 24_FabaDr_099,"[2, 5, 6, 9, 10, 13, 14, 16, 18, 21, 23]",33,11,False
24_FabaDr_100,Ekholmen,Ekholmen,WHC-30,1,29.0,Mid,111.38,11.399999999999999,data/img/side_view/Acc-17 - Ekholmen/WHC-30%/Rep-1 - 24_FabaDr_100,data/img/top_view/Acc-17 - Ekholmen/WHC-30%/Rep-1 - 24_FabaDr_100,"[2, 3, 6, 7, 10, 11, 14, 17, 18, 19, 23]",33,11,False
24_FabaDr_101,Ekholmen,Ekholmen,WHC-30,2,29.0,Mid,89.5,8.439999999999998,data/img/side_view/Acc-17 - Ekholmen/WHC-30%/Rep-2 - 24_FabaDr_101,data/img/top_view/Acc-17 - Ekholmen/WHC-30%/Rep-2 - 24_FabaDr_101,"[2, 4, 6, 8, 10, 12, 14, 15, 18, 20, 22]",33,11,False
24_FabaDr_102,Ekholmen,Ekholmen,WHC-30,3,29.0,Mid,89.74000000000001,10.919999999999998,data/img/side_view/Acc-17 - Ekholmen/WHC-30%/Rep-3 - 24_FabaDr_102,data/img/top_view/Acc-17 - Ekholmen/WHC-30%/Rep-3 - 24_FabaDr_102,"[2, 5, 6, 9, 10, 13, 14, 16, 18, 21, 23]",33,11,False
24_FabaDr_103,Bohus delikatess,Bohus delikatess,WHC-80,1,,,145.81,15.309999999999999,data/img/side_view/Acc-18 - Bohus delikatess/WHC-80%/Rep-1 - 24_FabaDr_103,data/img/top_view/Acc-18 - Bohus delikatess/WHC-80%/Rep-1 - 24_FabaDr_103,"[2, 3, 6, 7, 10, 11, 14, 17, 18, 19, 23]",33,11,False
24_FabaDr_104,Bohus delikatess,Bohus delikatess,WHC-80,2,,,146.44,16.97,data/img/side_view/Acc-18 - Bohus delikatess/WHC-80%/Rep-2 - 24_FabaDr_104,data/img/top_view/Acc-18 - Bohus delikatess/WHC-80%/Rep-2 - 24_FabaDr_104,"[2, 4, 6, 8, 10, 12, 14, 15, 18, 20, 22]",33,11,False
24_FabaDr_105,Bohus delikatess,Bohus delikatess,WHC-80,3,,,147.22,14.52,data/img/side_view/Acc-18 - Bohus delikatess/WHC-80%/Rep-3 - 24_FabaDr_105,data/img/top_view/Acc-18 - Bohus delikatess/WHC-80%/Rep-3 - 24_FabaDr_105,"[2, 5, 6, 9, 10, 13, 14, 16, 18, 21, 23]",33,11,False
24_FabaDr_106,Bohus delikatess,Bohus delikatess,WHC-30,1,28.0,Mid,68.15,7.42,data/img/side_view/Acc-18 - Bohus delikatess/WHC-30%/Rep-1 - 24_FabaDr_106,data/img/top_view/Acc-18 - Bohus delikatess/WHC-30%/Rep-1 - 24_FabaDr_106,"[2, 3, 6, 7, 10, 11, 14, 17, 18, 19, 23]",33,11,False
24_FabaDr_107,Bohus delikatess,Bohus delikatess,WHC-30,2,28.0,Mid,51.019999999999996,5.899999999999999,data/img/side_view/Acc-18 - Bohus delikatess/WHC-30%/Rep-2 - 24_FabaDr_107,data/img/top_view/Acc-18 - Bohus delikatess/WHC-30%/Rep-2 - 24_FabaDr_107,"[2, 4, 6, 8, 10, 12, 14, 15, 18, 20, 22]",33,11,False
24_FabaDr_108,Bohus delikatess,Bohus delikatess,WHC-30,3,28.0,Mid,75.06,8.690000000000001,data/img/side_view/Acc-18 - Bohus delikatess/WHC-30%/Rep-3 - 24_FabaDr_108,data/img/top_view/Acc-18 - Bohus delikatess/WHC-30%/Rep-3 - 24_FabaDr_108,"[2, 5, 6, 9, 10, 13, 14, 16, 18, 21, 23]",33,11,False
24_FabaDr_109,Primus,Primus,WHC-80,1,,,83.39,6.699999999999999,data/img/side_view/Acc-19 - Primus/WHC-80%/Rep-1 - 24_FabaDr_109,data/img/top_view/Acc-19 - Primus/WHC-80%/Rep-1 - 24_FabaDr_109,"[2, 3, 6, 7, 10, 11, 14, 17, 18, 19, 23]",33,11,False
24_FabaDr_110,Primus,Primus,WHC-80,2,,,134.98,14.72,data/img/side_view/Acc-19 - Primus/WHC-80%/Rep-2 - 24_FabaDr_110,data/img/top_view/Acc-19 - Primus/WHC-80%/Rep-2 - 24_FabaDr_110,"[2, 4, 6, 8, 10, 12, 14, 15, 18, 20, 22]",33,11,False
24_FabaDr_111,Primus,Primus,WHC-80,3,,,134.2,13.029999999999998,data/img/side_view/Acc-19 - Primus/WHC-80%/Rep-3 - 24_FabaDr_111,data/img/top_view/Acc-19 - Primus/WHC-80%/Rep-3 - 24_FabaDr_111,"[2, 5, 6, 9, 10, 13, 14, 16, 18, 21, 23]",33,11,False
24_FabaDr_112,Primus,Primus,WHC-30,1,38.0,Late,90.66000000000001,9.020000000000001,data/img/side_view/Acc-19 - Primus/WHC-30%/Rep-1 - 24_FabaDr_112,data/img/top_view/Acc-19 - Primus/WHC-30%/Rep-1 - 24_FabaDr_112,"[2, 3, 6, 7, 10, 11, 14, 17, 18, 19, 23]",33,11,False
24_FabaDr_113,Primus,Primus,WHC-30,2,38.0,Late,72.28,6.560000000000002,data/img/side_view/Acc-19 - Primus/WHC-30%/Rep-2 - 24_FabaDr_113,data/img/top_view/Acc-19 - Primus/WHC-30%/Rep-2 - 24_FabaDr_113,"[2, 4, 6, 8, 10, 12, 14, 15, 18, 20, 22]",33,11,False
24_FabaDr_114,Primus,Primus,WHC-30,3,38.0,Late,30.259999999999998,2.330000000000002,data/img/side_view/Acc-19 - Primus/WHC-30%/Rep-3 - 24_FabaDr_114,data/img/top_view/Acc-19 - Primus/WHC-30%/Rep-3 - 24_FabaDr_114,"[2, 5, 6, 9, 10, 13, 14, 16, 18, 21, 23]",33,11,False
24_FabaDr_115,Romfartuna,Romfartuna,WHC-80,1,,,140.34,14.170000000000002,data/img/side_view/Acc-20 - Romfartuna/WHC-80%/Rep-1 - 24_FabaDr_115,data/img/top_view/Acc-20 - Romfartuna/WHC-80%/Rep-1 - 24_FabaDr_115,"[2, 3, 6, 7, 10, 11, 14, 17, 18, 19, 23]",33,11,False
24_FabaDr_116,Romfartuna,Romfartuna,WHC-80,2,,,114.60000000000001,13.14,data/img/side_view/Acc-20 - Romfartuna/WHC-80%/Rep-2 - 24_FabaDr_116,data/img/top_view/Acc-20 - Romfartuna/WHC-80%/Rep-2 - 24_FabaDr_116,"[2, 4, 6, 8, 10, 12, 14, 15, 18, 20, 22]",33,11,False
24_FabaDr_117,Romfartuna,Romfartuna,WHC-80,3,,,165.97,16.11,data/img/side_view/Acc-20 - Romfartuna/WHC-80%/Rep-3 - 24_FabaDr_117,data/img/top_view/Acc-20 - Romfartuna/WHC-80%/Rep-3 - 24_FabaDr_117,"[2, 5, 6, 9, 10, 13, 14, 16, 18, 21, 23]",33,11,False
24_FabaDr_118,Romfartuna,Romfartuna,WHC-30,1,38.0,Late,85.97,9.010000000000002,data/img/side_view/Acc-20 - Romfartuna/WHC-30%/Rep-1 - 24_FabaDr_118,data/img/top_view/Acc-20 - Romfartuna/WHC-30%/Rep-1 - 24_FabaDr_118,"[2, 3, 6, 7, 10, 11, 14, 17, 18, 19, 23]",33,11,False
24_FabaDr_119,Romfartuna,Romfartuna,WHC-30,2,38.0,Late,84.72999999999999,10.01,data/img/side_view/Acc-20 - Romfartuna/WHC-30%/Rep-2 - 24_FabaDr_119,data/img/top_view/Acc-20 - Romfartuna/WHC-30%/Rep-2 - 24_FabaDr_119,"[2, 4, 6, 8, 10, 12, 14, 15, 18, 20, 22]",33,11,False
24_FabaDr_120,Romfartuna,Romfartuna,WHC-30,3,38.0,Late,100.25999999999999,11.810000000000002,data/img/side_view/Acc-20 - Romfartuna/WHC-30%/Rep-3 - 24_FabaDr_120,data/img/top_view/Acc-20 - Romfartuna/WHC-30%/Rep-3 - 24_FabaDr_120,"[2, 5, 6, 9, 10, 13, 14, 16, 18, 21, 23]",33,11,False
24_FabaDr_121,Tyrja me0202,Tyrja me0202,WHC-80,1,,,164.69,15.120000000000001,data/img/side_view/Acc-21 - Tyrja me0202/WHC-80%/Rep-1 - 24_FabaDr_121,data/img/top_view/Acc-21 - Tyrja me0202/WHC-80%/Rep-1 - 24_FabaDr_121,"[2, 3, 6, 7, 10, 11, 14, 17, 18, 19, 23]",33,11,False
24_FabaDr_122,Tyrja me0202,Tyrja me0202,WHC-80,2,,,127.61,12.200000000000001,data/img/side_view/Acc-21 - Tyrja me0202/WHC-80%/Rep-2 - 24_FabaDr_122,data/img/top_view/Acc-21 - Tyrja me0202/WHC-80%/Rep-2 - 24_FabaDr_122,"[2, 4, 6, 8, 10, 12, 14, 15, 18, 20, 23]",33,11,False
24_FabaDr_123,Tyrja me0202,Tyrja me0202,WHC-80,3,,,205.48,20.81,data/img/side_view/Acc-21 - Tyrja me0202/WHC-80%/Rep-3 - 24_FabaDr_123,data/img/top_view/Acc-21 - Tyrja me0202/WHC-80%/Rep-3 - 24_FabaDr_123,"[2, 5, 6, 9, 10, 13, 14, 16, 18, 21, 23]",33,11,False
24_FabaDr_124,Tyrja me0202,Tyrja me0202,WHC-30,1,34.0,Late,74.89,7.9399999999999995,data/img/side_view/Acc-21 - Tyrja me0202/WHC-30%/Rep-1 - 24_FabaDr_124,data/img/top_view/Acc-21 - Tyrja me0202/WHC-30%/Rep-1 - 24_FabaDr_124,"[2, 3, 6, 7, 10, 11, 14, 17, 18, 19, 23]",33,11,False
24_FabaDr_125,Tyrja me0202,Tyrja me0202,WHC-30,2,34.0,Late,71.57,6.670000000000002,data/img/side_view/Acc-21 - Tyrja me0202/WHC-30%/Rep-2 - 24_FabaDr_125,data/img/top_view/Acc-21 - Tyrja me0202/WHC-30%/Rep-2 - 24_FabaDr_125,"[2, 4, 6, 8, 10, 12, 14, 15, 18, 20, 22]",33,11,False
24_FabaDr_126,Tyrja me0202,Tyrja me0202,WHC-30,3,34.0,Late,67.87,7.120000000000001,data/img/side_view/Acc-21 - Tyrja me0202/WHC-30%/Rep-3 - 24_FabaDr_126,data/img/top_view/Acc-21 - Tyrja me0202/WHC-30%/Rep-3 - 24_FabaDr_126,"[2, 5, 6, 9, 10, 13, 14, 16, 18, 21, 23]",33,11,False
24_FabaDr_127,Rantala me1001,Rantala me1001,WHC-80,1,,,266.59999999999997,25.39,data/img/side_view/Acc-22 - Rantala me1001/WHC-80%/Rep-1 - 24_FabaDr_127,data/img/top_view/Acc-22 - Rantala me1001/WHC-80%/Rep-1 - 24_FabaDr_127,"[2, 3, 6, 7, 10, 11, 14, 17, 18, 19, 23]",33,11,False
24_FabaDr_128,Rantala me1001,Rantala me1001,WHC-80,2,,,172.06,15.71,data/img/side_view/Acc-22 - Rantala me1001/WHC-80%/Rep-2 - 24_FabaDr_128,data/img/top_view/Acc-22 - Rantala me1001/WHC-80%/Rep-2 - 24_FabaDr_128,"[2, 4, 6, 8, 10, 12, 14, 15, 18, 20, 22]",33,11,False
24_FabaDr_129,Rantala me1001,Rantala me1001,WHC-80,3,,,89.69,7.719999999999999,data/img/side_view/Acc-22 - Rantala me1001/WHC-80%/Rep-3 - 24_FabaDr_129,data/img/top_view/Acc-22 - Rantala me1001/WHC-80%/Rep-3 - 24_FabaDr_129,"[2, 5, 6, 9, 10, 13, 14, 16, 18, 21, 23]",33,11,False
24_FabaDr_130,Rantala me1001,Rantala me1001,WHC-30,1,28.0,Mid,46.25,4.190000000000001,data/img/side_view/Acc-22 - Rantala me1001/WHC-30%/Rep-1 - 24_FabaDr_130,data/img/top_view/Acc-22 - Rantala me1001/WHC-30%/Rep-1 - 24_FabaDr_130,"[2, 3, 6, 7, 10, 11, 14, 17, 18, 19, 23]",33,11,False
24_FabaDr_131,Rantala me1001,Rantala me1001,WHC-30,2,28.0,Mid,66.92,5.909999999999998,data/img/side_view/Acc-22 - Rantala me1001/WHC-30%/Rep-2 - 24_FabaDr_131,data/img/top_view/Acc-22 - Rantala me1001/WHC-30%/Rep-2 - 24_FabaDr_131,"[2, 4, 6, 8, 10, 12, 14, 15, 18, 20, 22, 23]",36,12,False
24_FabaDr_132,Rantala me1001,Rantala me1001,WHC-30,3,28.0,Mid,73.71000000000001,6.720000000000001,data/img/side_view/Acc-22 - Rantala me1001/WHC-30%/Rep-3 - 24_FabaDr_132,data/img/top_view/Acc-22 - Rantala me1001/WHC-30%/Rep-3 - 24_FabaDr_132,"[2, 5, 6, 9, 10, 13, 14, 16, 18, 21, 23]",33,11,False
24_FabaDr_133,Suontakainen me0302,Suontakainen me0302,WHC-80,1,,,218.29000000000002,19.860000000000003,data/img/side_view/Acc-23 - Suontakainen me0302/WHC-80%/Rep-1 - 24_FabaDr_133,data/img/top_view/Acc-23 - Suontakainen me0302/WHC-80%/Rep-1 - 24_FabaDr_133,"[2, 3, 6, 7, 10, 11, 14, 17, 18, 19, 23]",33,11,False
24_FabaDr_134,Suontakainen me0302,Suontakainen me0302,WHC-80,2,,,236.69,22.110000000000003,data/img/side_view/Acc-23 - Suontakainen me0302/WHC-80%/Rep-2 - 24_FabaDr_134,data/img/top_view/Acc-23 - Suontakainen me0302/WHC-80%/Rep-2 - 24_FabaDr_134,"[2, 4, 6, 8, 10, 12, 14, 15, 18, 20, 22]",33,11,False
24_FabaDr_135,Suontakainen me0302,Suontakainen me0302,WHC-80,3,,,212.09,18.919999999999998,data/img/side_view/Acc-23 - Suontakainen me0302/WHC-80%/Rep-3 - 24_FabaDr_135,data/img/top_view/Acc-23 - Suontakainen me0302/WHC-80%/Rep-3 - 24_FabaDr_135,"[2, 5, 6, 9, 10, 13, 14, 16, 18, 21, 23]",33,11,False
24_FabaDr_136,Suontakainen me0302,Suontakainen me0302,WHC-30,1,34.0,Late,73.91,7.749999999999998,data/img/side_view/Acc-23 - Suontakainen me0302/WHC-30%/Rep-1 - 24_FabaDr_136,data/img/top_view/Acc-23 - Suontakainen me0302/WHC-30%/Rep-1 - 24_FabaDr_136,"[2, 3, 6, 7, 10, 11, 14, 17, 18, 19, 23]",33,11,False
24_FabaDr_137,Suontakainen me0302,Suontakainen me0302,WHC-30,2,34.0,Late,71.46,7.24,data/img/side_view/Acc-23 - Suontakainen me0302/WHC-30%/Rep-2 - 24_FabaDr_137,data/img/top_view/Acc-23 - Suontakainen me0302/WHC-30%/Rep-2 - 24_FabaDr_137,"[2, 4, 6, 8, 10, 12, 14, 15, 18, 20, 22]",33,11,False
24_FabaDr_138,Suontakainen me0302,Suontakainen me0302,WHC-30,3,34.0,Late,75.24,7.580000000000002,data/img/side_view/Acc-23 - Suontakainen me0302/WHC-30%/Rep-3 - 24_FabaDr_138,data/img/top_view/Acc-23 - Suontakainen me0302/WHC-30%/Rep-3 - 24_FabaDr_138,"[2, 5, 6, 9, 10, 13, 14, 16, 18, 21, 23]",33,11,False
24_FabaDr_139,Korkeamaki,Korkeamaki,WHC-80,1,,,178.51,17.689999999999998,data/img/side_view/Acc-24 - Korkeamaki/WHC-80%/Rep-1 - 24_FabaDr_139,data/img/top_view/Acc-24 - Korkeamaki/WHC-80%/Rep-1 - 24_FabaDr_139,"[2, 3, 6, 7, 10, 11, 14, 17, 18, 19, 23]",33,11,False
24_FabaDr_140,Korkeamaki,Korkeamaki,WHC-80,2,,,179.4,16.659999999999997,data/img/side_view/Acc-24 - Korkeamaki/WHC-80%/Rep-2 - 24_FabaDr_140,data/img/top_view/Acc-24 - Korkeamaki/WHC-80%/Rep-2 - 24_FabaDr_140,"[2, 4, 6, 8, 10, 12, 14, 15, 18, 20, 22]",33,11,False
24_FabaDr_141,Korkeamaki,Korkeamaki,WHC-80,3,,,164.09,15.11,data/img/side_view/Acc-24 - Korkeamaki/WHC-80%/Rep-3 - 24_FabaDr_141,data/img/top_view/Acc-24 - Korkeamaki/WHC-80%/Rep-3 - 24_FabaDr_141,"[2, 5, 6, 9, 10, 13, 14, 16, 18, 21, 23]",33,11,False
24_FabaDr_142,Korkeamaki,Korkeamaki,WHC-30,1,24.0,Mid,86.04,8.479999999999999,data/img/side_view/Acc-24 - Korkeamaki/WHC-30%/Rep-1 - 24_FabaDr_142,data/img/top_view/Acc-24 - Korkeamaki/WHC-30%/Rep-1 - 24_FabaDr_142,"[2, 3, 6, 7, 10, 11, 14, 17, 18, 19, 23]",33,11,False
24_FabaDr_143,Korkeamaki,Korkeamaki,WHC-30,2,24.0,Mid,81.66,6.869999999999999,data/img/side_view/Acc-24 - Korkeamaki/WHC-30%/Rep-2 - 24_FabaDr_143,data/img/top_view/Acc-24 - Korkeamaki/WHC-30%/Rep-2 - 24_FabaDr_143,"[2, 4, 6, 8, 10, 12, 14, 15, 18, 20, 22]",33,11,False
24_FabaDr_144,Korkeamaki,Korkeamaki,WHC-30,3,24.0,Mid,86.39999999999999,8.34,data/img/side_view/Acc-24 - Korkeamaki/WHC-30%/Rep-3 - 24_FabaDr_144,data/img/top_view/Acc-24 - Korkeamaki/WHC-30%/Rep-3 - 24_FabaDr_144,"[2, 5, 6, 9, 10, 13, 14, 16, 18, 21, 23]",33,11,False
24_FabaDr_145,Sairala me0503,Sairala me0503,WHC-80,1,,,253.55,22.979999999999997,data/img/side_view/Acc-25 - Sairala me0503/WHC-80%/Rep-1 - 24_FabaDr_145,data/img/top_view/Acc-25 - Sairala me0503/WHC-80%/Rep-1 - 24_FabaDr_145,"[2, 3, 6, 7, 10, 11, 14, 17, 18, 19, 23]",33,11,False
24_FabaDr_146,Sairala me0503,Sairala me0503,WHC-80,2,,,157.55,14.850000000000001,data/img/side_view/Acc-25 - Sairala me0503/WHC-80%/Rep-2 - 24_FabaDr_146,data/img/top_view/Acc-25 - Sairala me0503/WHC-80%/Rep-2 - 24_FabaDr_146,"[2, 4, 6, 8, 10, 12, 14, 15, 18, 20, 22]",33,11,False
24_FabaDr_147,Sairala me0503,Sairala me0503,WHC-80,3,,,167.07999999999998,16.26,data/img/side_view/Acc-25 - Sairala me0503/WHC-80%/Rep-3 - 24_FabaDr_147,data/img/top_view/Acc-25 - Sairala me0503/WHC-80%/Rep-3 - 24_FabaDr_147,"[2, 5, 6, 9, 10, 13, 14, 16, 18, 21, 23]",33,11,False
24_FabaDr_148,Sairala me0503,Sairala me0503,WHC-30,1,34.0,Late,52.050000000000004,4.58,data/img/side_view/Acc-25 - Sairala me0503/WHC-30%/Rep-1 - 24_FabaDr_148,data/img/top_view/Acc-25 - Sairala me0503/WHC-30%/Rep-1 - 24_FabaDr_148,"[2, 3, 6, 7, 10, 11, 14, 17, 18, 19, 23]",33,11,False
24_FabaDr_149,Sairala me0503,Sairala me0503,WHC-30,2,34.0,Late,56.41,5.760000000000002,data/img/side_view/Acc-25 - Sairala me0503/WHC-30%/Rep-2 - 24_FabaDr_149,data/img/top_view/Acc-25 - Sairala me0503/WHC-30%/Rep-2 - 24_FabaDr_149,"[2, 4, 6, 8, 10, 12, 14, 15, 18, 20, 23]",33,11,False
24_FabaDr_150,Sairala me0503,Sairala me0503,WHC-30,3,34.0,Late,62.239999999999995,5.84,data/img/side_view/Acc-25 - Sairala me0503/WHC-30%/Rep-3 - 24_FabaDr_150,data/img/top_view/Acc-25 - Sairala me0503/WHC-30%/Rep-3 - 24_FabaDr_150,"[2, 5, 6, 9, 10, 13, 14, 16, 18, 21, 23]",33,11,False
24_FabaDr_151,Horshult,Horshult,WHC-80,1,,,140.25,13.410000000000002,data/img/side_view/Acc-26 - Horshult/WHC-80%/Rep-1 - 24_FabaDr_151,data/img/top_view/Acc-26 - Horshult/WHC-80%/Rep-1 - 24_FabaDr_151,"[2, 3, 6, 7, 10, 11, 14, 17, 18, 19, 23]",33,11,False
24_FabaDr_152,Horshult,Horshult,WHC-80,2,,,144.02,14.430000000000001,data/img/side_view/Acc-26 - Horshult/WHC-80%/Rep-2 - 24_FabaDr_152,data/img/top_view/Acc-26 - Horshult/WHC-80%/Rep-2 - 24_FabaDr_152,"[2, 4, 6, 8, 10, 12, 14, 15, 18, 20, 22]",33,11,False
24_FabaDr_153,Horshult,Horshult,WHC-80,3,,,173.31,18.11,data/img/side_view/Acc-26 - Horshult/WHC-80%/Rep-3 - 24_FabaDr_153,data/img/top_view/Acc-26 - Horshult/WHC-80%/Rep-3 - 24_FabaDr_153,"[2, 5, 6, 9, 10, 13, 14, 16, 18, 21, 23]",33,11,False
24_FabaDr_154,Horshult,Horshult,WHC-30,1,19.0,Early,74.06,7.370000000000001,data/img/side_view/Acc-26 - Horshult/WHC-30%/Rep-1 - 24_FabaDr_154,data/img/top_view/Acc-26 - Horshult/WHC-30%/Rep-1 - 24_FabaDr_154,"[2, 3, 6, 7, 10, 11, 14, 17, 18, 19, 23]",33,11,False
24_FabaDr_155,Horshult,Horshult,WHC-30,2,19.0,Early,65.65,5.91,data/img/side_view/Acc-26 - Horshult/WHC-30%/Rep-2 - 24_FabaDr_155,data/img/top_view/Acc-26 - Horshult/WHC-30%/Rep-2 - 24_FabaDr_155,"[2, 4, 6, 8, 10, 12, 14, 15, 18, 20, 23]",33,11,False
24_FabaDr_156,Horshult,Horshult,WHC-30,3,19.0,Early,66.84,7.26,data/img/side_view/Acc-26 - Horshult/WHC-30%/Rep-3 - 24_FabaDr_156,data/img/top_view/Acc-26 - Horshult/WHC-30%/Rep-3 - 24_FabaDr_156,"[2, 5, 6, 9, 10, 13, 14, 16, 18, 21, 23]",33,11,False
24_FabaDr_157,Saari,Saari,WHC-80,1,,,251.34999999999997,26.889999999999997,data/img/side_view/Acc-27 - Saari/WHC-80%/Rep-1 - 24_FabaDr_157,data/img/top_view/Acc-27 - Saari/WHC-80%/Rep-1 - 24_FabaDr_157,"[2, 3, 6, 7, 10, 11, 14, 17, 18, 19, 23]",33,11,False
24_FabaDr_158,Saari,Saari,WHC-80,2,,,248.17000000000002,23.1,data/img/side_view/Acc-27 - Saari/WHC-80%/Rep-2 - 24_FabaDr_158,data/img/top_view/Acc-27 - Saari/WHC-80%/Rep-2 - 24_FabaDr_158,"[2, 4, 6, 8, 10, 12, 14, 15, 18, 20, 23]",33,11,False
24_FabaDr_159,Saari,Saari,WHC-80,3,,,141.13,15.47,data/img/side_view/Acc-27 - Saari/WHC-80%/Rep-3 - 24_FabaDr_159,data/img/top_view/Acc-27 - Saari/WHC-80%/Rep-3 - 24_FabaDr_159,"[2, 5, 6, 9, 10, 13, 14, 16, 18, 21, 23]",33,11,False
24_FabaDr_160,Saari,Saari,WHC-30,1,20.0,Early,77.03,6.830000000000002,data/img/side_view/Acc-27 - Saari/WHC-30%/Rep-1 - 24_FabaDr_160,data/img/top_view/Acc-27 - Saari/WHC-30%/Rep-1 - 24_FabaDr_160,"[2, 3, 6, 7, 10, 11, 14, 17, 18, 19, 23]",33,11,False
24_FabaDr_161,Saari,Saari,WHC-30,2,20.0,Early,96.94999999999999,9.429999999999998,data/img/side_view/Acc-27 - Saari/WHC-30%/Rep-2 - 24_FabaDr_161,data/img/top_view/Acc-27 - Saari/WHC-30%/Rep-2 - 24_FabaDr_161,"[2, 4, 6, 8, 10, 12, 14, 15, 18, 20, 22]",33,11,False
24_FabaDr_162,Saari,Saari,WHC-30,3,20.0,Early,76.5,6.579999999999998,data/img/side_view/Acc-27 - Saari/WHC-30%/Rep-3 - 24_FabaDr_162,data/img/top_view/Acc-27 - Saari/WHC-30%/Rep-3 - 24_FabaDr_162,"[2, 5, 6, 9, 10, 13, 14, 16, 18, 21, 23]",33,11,False
24_FabaDr_163,Gubbestad,Gubbestad,WHC-80,1,,,193.1,20.91,data/img/side_view/Acc-28 - Gubbestad/WHC-80%/Rep-1 - 24_FabaDr_163,data/img/top_view/Acc-28 - Gubbestad/WHC-80%/Rep-1 - 24_FabaDr_163,"[2, 3, 6, 7, 10, 11, 14, 17, 18, 19, 23]",33,11,False
24_FabaDr_164,Gubbestad,Gubbestad,WHC-80,2,,,173.26000000000002,16.93,data/img/side_view/Acc-28 - Gubbestad/WHC-80%/Rep-2 - 24_FabaDr_164,data/img/top_view/Acc-28 - Gubbestad/WHC-80%/Rep-2 - 24_FabaDr_164,"[2, 4, 6, 8, 10, 12, 14, 15, 18, 20, 22]",33,11,False
24_FabaDr_165,Gubbestad,Gubbestad,WHC-80,3,,,183.64,18.870000000000005,data/img/side_view/Acc-28 - Gubbestad/WHC-80%/Rep-3 - 24_FabaDr_165,data/img/top_view/Acc-28 - Gubbestad/WHC-80%/Rep-3 - 24_FabaDr_165,"[2, 5, 6, 9, 10, 13, 14, 16, 18, 21, 23]",33,11,False
24_FabaDr_166,Gubbestad,Gubbestad,WHC-30,1,19.0,Early,70.41,6.939999999999998,data/img/side_view/Acc-28 - Gubbestad/WHC-30%/Rep-1 - 24_FabaDr_166,data/img/top_view/Acc-28 - Gubbestad/WHC-30%/Rep-1 - 24_FabaDr_166,"[2, 3, 6, 7, 10, 11, 14, 17, 18, 19, 23]",33,11,False
24_FabaDr_167,Gubbestad,Gubbestad,WHC-30,2,19.0,Early,80.71000000000001,8.78,data/img/side_view/Acc-28 - Gubbestad/WHC-30%/Rep-2 - 24_FabaDr_167,data/img/top_view/Acc-28 - Gubbestad/WHC-30%/Rep-2 - 24_FabaDr_167,"[2, 4, 6, 8, 10, 12, 14, 15, 18, 20, 22]",33,11,False
24_FabaDr_168,Gubbestad,Gubbestad,WHC-30,3,19.0,Early,61.78000000000001,6.5699999999999985,data/img/side_view/Acc-28 - Gubbestad/WHC-30%/Rep-3 - 24_FabaDr_168,data/img/top_view/Acc-28 - Gubbestad/WHC-30%/Rep-3 - 24_FabaDr_168,"[2, 5, 6, 9, 10, 13, 14, 16, 18, 21, 23]",33,11,False
24_FabaDr_169,Goteryd,Goteryd,WHC-80,1,,,191.08,18.300000000000004,data/img/side_view/Acc-29 - Goteryd/WHC-80%/Rep-1 - 24_FabaDr_169,data/img/top_view/Acc-29 - Goteryd/WHC-80%/Rep-1 - 24_FabaDr_169,"[2, 3, 6, 7, 10, 11, 14, 17, 18, 19, 23]",33,11,False
24_FabaDr_170,Goteryd,Goteryd,WHC-80,2,,,202.25,17.740000000000002,data/img/side_view/Acc-29 - Goteryd/WHC-80%/Rep-2 - 24_FabaDr_170,data/img/top_view/Acc-29 - Goteryd/WHC-80%/Rep-2 - 24_FabaDr_170,"[2, 4, 6, 8, 10, 12, 14, 15, 18, 20, 23]",33,11,False
24_FabaDr_171,Goteryd,Goteryd,WHC-80,3,,,176.11,16.49,data/img/side_view/Acc-29 - Goteryd/WHC-80%/Rep-3 - 24_FabaDr_171,data/img/top_view/Acc-29 - Goteryd/WHC-80%/Rep-3 - 24_FabaDr_171,"[2, 5, 6, 9, 10, 13, 14, 16, 18, 21, 23]",33,11,False
24_FabaDr_172,Goteryd,Goteryd,WHC-30,1,19.0,Early,61.69,6.0,data/img/side_view/Acc-29 - Goteryd/WHC-30%/Rep-1 - 24_FabaDr_172,data/img/top_view/Acc-29 - Goteryd/WHC-30%/Rep-1 - 24_FabaDr_172,"[2, 3, 6, 7, 10, 11, 14, 17, 18, 19, 23]",33,11,False
24_FabaDr_173,Goteryd,Goteryd,WHC-30,2,19.0,Early,73.23,8.020000000000001,data/img/side_view/Acc-29 - Goteryd/WHC-30%/Rep-2 - 24_FabaDr_173,data/img/top_view/Acc-29 - Goteryd/WHC-30%/Rep-2 - 24_FabaDr_173,"[2, 4, 6, 8, 10, 12, 14, 15, 18, 20, 22]",33,11,False
24_FabaDr_174,Goteryd,Goteryd,WHC-30,3,19.0,Early,68.00999999999999,7.529999999999999,data/img/side_view/Acc-29 - Goteryd/WHC-30%/Rep-3 - 24_FabaDr_174,data/img/top_view/Acc-29 - Goteryd/WHC-30%/Rep-3 - 24_FabaDr_174,"[2, 5, 6, 9, 10, 13, 14, 16, 18, 21, 23]",33,11,False
24_FabaDr_175,Imatra me0101,Imatra me0101,WHC-80,1,,,149.5,12.21,data/img/side_view/Acc-30 - Imatra me0101/WHC-80%/Rep-1 - 24_FabaDr_175,data/img/top_view/Acc-30 - Imatra me0101/WHC-80%/Rep-1 - 24_FabaDr_175,"[2, 3, 6, 7, 10, 11, 14, 17, 18, 19, 23]",33,11,False
24_FabaDr_176,Imatra me0101,Imatra me0101,WHC-80,2,,,243.32000000000002,24.58,data/img/side_view/Acc-30 - Imatra me0101/WHC-80%/Rep-2 - 24_FabaDr_176,data/img/top_view/Acc-30 - Imatra me0101/WHC-80%/Rep-2 - 24_FabaDr_176,"[2, 4, 6, 8, 10, 12, 14, 15, 18, 20, 22]",33,11,False
24_FabaDr_177,Imatra me0101,Imatra me0101,WHC-80,3,,,110.05,10.51,data/img/side_view/Acc-30 - Imatra me0101/WHC-80%/Rep-3 - 24_FabaDr_177,data/img/top_view/Acc-30 - Imatra me0101/WHC-80%/Rep-3 - 24_FabaDr_177,"[2, 5, 6, 9, 10, 13, 14, 16, 18, 21, 23]",33,11,False
24_FabaDr_178,Imatra me0101,Imatra me0101,WHC-30,1,33.0,Late,95.50999999999999,9.610000000000001,data/img/side_view/Acc-30 - Imatra me0101/WHC-30%/Rep-1 - 24_FabaDr_178,data/img/top_view/Acc-30 - Imatra me0101/WHC-30%/Rep-1 - 24_FabaDr_178,"[2, 3, 6, 7, 10, 11, 14, 17, 18, 19, 23]",33,11,False
24_FabaDr_179,Imatra me0101,Imatra me0101,WHC-30,2,33.0,Late,68.63000000000001,6.01,data/img/side_view/Acc-30 - Imatra me0101/WHC-30%/Rep-2 - 24_FabaDr_179,data/img/top_view/Acc-30 - Imatra me0101/WHC-30%/Rep-2 - 24_FabaDr_179,"[2, 4, 6, 8, 10, 12, 14, 15, 18, 20, 22]",33,11,False
24_FabaDr_180,Imatra me0101,Imatra me0101,WHC-30,3,33.0,Late,61.88000000000001,6.079999999999998,data/img/side_view/Acc-30 - Imatra me0101/WHC-30%/Rep-3 - 24_FabaDr_180,data/img/top_view/Acc-30 - Imatra me0101/WHC-30%/Rep-3 - 24_FabaDr_180,"[2, 5, 6, 9, 10, 13, 14, 16, 18, 21, 23]",33,11,False
24_FabaDr_181,Lemi me0702,Lemi me0702,WHC-80,1,,,230.01,21.130000000000003,data/img/side_view/Acc-31 - Lemi me0702/WHC-80%/Rep-1 - 24_FabaDr_181,data/img/top_view/Acc-31 - Lemi me0702/WHC-80%/Rep-1 - 24_FabaDr_181,"[2, 3, 6, 7, 10, 11, 14, 17, 18, 19, 23]",33,11,False
24_FabaDr_182,Lemi me0702,Lemi me0702,WHC-80,2,,,116.84,11.17,data/img/side_view/Acc-31 - Lemi me0702/WHC-80%/Rep-2 - 24_FabaDr_182,data/img/top_view/Acc-31 - Lemi me0702/WHC-80%/Rep-2 - 24_FabaDr_182,"[2, 4, 6, 8, 10, 12, 14, 15, 18, 20, 22]",33,11,False
24_FabaDr_183,Lemi me0702,Lemi me0702,WHC-80,3,,,167.29,15.22,data/img/side_view/Acc-31 - Lemi me0702/WHC-80%/Rep-3 - 24_FabaDr_183,data/img/top_view/Acc-31 - Lemi me0702/WHC-80%/Rep-3 - 24_FabaDr_183,"[2, 5, 6, 9, 10, 13, 14, 16, 18, 21, 23]",33,11,False
24_FabaDr_184,Lemi me0702,Lemi me0702,WHC-30,1,29.0,Mid,52.099999999999994,5.370000000000001,data/img/side_view/Acc-31 - Lemi me0702/WHC-30%/Rep-1 - 24_FabaDr_184,data/img/top_view/Acc-31 - Lemi me0702/WHC-30%/Rep-1 - 24_FabaDr_184,"[2, 3, 6, 7, 10, 11, 14, 17, 18, 19, 23]",33,11,False
24_FabaDr_185,Lemi me0702,Lemi me0702,WHC-30,2,29.0,Mid,90.37,9.119999999999997,data/img/side_view/Acc-31 - Lemi me0702/WHC-30%/Rep-2 - 24_FabaDr_185,data/img/top_view/Acc-31 - Lemi me0702/WHC-30%/Rep-2 - 24_FabaDr_185,"[2, 4, 6, 8, 10, 12, 14, 15, 18, 20, 22]",33,11,False
24_FabaDr_186,Lemi me0702,Lemi me0702,WHC-30,3,29.0,Mid,56.019999999999996,4.93,data/img/side_view/Acc-31 - Lemi me0702/WHC-30%/Rep-3 - 24_FabaDr_186,data/img/top_view/Acc-31 - Lemi me0702/WHC-30%/Rep-3 - 24_FabaDr_186,"[2, 5, 6, 9, 10, 13, 14, 16, 18, 21, 23]",33,11,False
24_FabaDr_187,Kokkosenkyla,Kokkosenkyla,WHC-80,1,,,181.51,19.740000000000002,data/img/side_view/Acc-32 - Kokkosenkyla/WHC-80%/Rep-1 - 24_FabaDr_187,data/img/top_view/Acc-32 - Kokkosenkyla/WHC-80%/Rep-1 - 24_FabaDr_187,"[2, 3, 6, 7, 10, 11, 14, 17, 18, 19, 23]",33,11,False
24_FabaDr_188,Kokkosenkyla,Kokkosenkyla,WHC-80,2,,,148.17,17.41,data/img/side_view/Acc-32 - Kokkosenkyla/WHC-80%/Rep-2 - 24_FabaDr_188,data/img/top_view/Acc-32 - Kokkosenkyla/WHC-80%/Rep-2 - 24_FabaDr_188,"[2, 4, 6, 8, 10, 12, 14, 15, 18, 20, 23]",33,11,False
24_FabaDr_189,Kokkosenkyla,Kokkosenkyla,WHC-80,3,,,199.70000000000002,20.380000000000003,data/img/side_view/Acc-32 - Kokkosenkyla/WHC-80%/Rep-3 - 24_FabaDr_189,data/img/top_view/Acc-32 - Kokkosenkyla/WHC-80%/Rep-3 - 24_FabaDr_189,"[2, 5, 6, 9, 10, 13, 14, 16, 18, 21, 23]",33,11,False
24_FabaDr_190,Kokkosenkyla,Kokkosenkyla,WHC-30,1,28.0,Mid,79.83000000000001,8.030000000000001,data/img/side_view/Acc-32 - Kokkosenkyla/WHC-30%/Rep-1 - 24_FabaDr_190,data/img/top_view/Acc-32 - Kokkosenkyla/WHC-30%/Rep-1 - 24_FabaDr_190,"[2, 3, 6, 7, 10, 11, 14, 17, 18, 19, 23]",33,11,False
24_FabaDr_191,Kokkosenkyla,Kokkosenkyla,WHC-30,2,28.0,Mid,73.53,7.380000000000001,data/img/side_view/Acc-32 - Kokkosenkyla/WHC-30%/Rep-2 - 24_FabaDr_191,data/img/top_view/Acc-32 - Kokkosenkyla/WHC-30%/Rep-2 - 24_FabaDr_191,"[2, 4, 6, 8, 10, 12, 14, 15, 18, 20, 22]",33,11,False
24_FabaDr_192,Kokkosenkyla,Kokkosenkyla,WHC-30,3,28.0,Mid,75.48,8.469999999999999,data/img/side_view/Acc-32 - Kokkosenkyla/WHC-30%/Rep-3 - 24_FabaDr_192,data/img/top_view/Acc-32 - Kokkosenkyla/WHC-30%/Rep-3 - 24_FabaDr_192,"[2, 5, 6, 9, 10, 13, 14, 16, 18, 21, 23]",33,11,False
24_FabaDr_193,AP8308100101,AP8308100101,WHC-80,1,,,176.12,16.67,data/img/side_view/Acc-33 - AP8308100101/WHC-80%/Rep-1 - 24_FabaDr_193,data/img/top_view/Acc-33 - AP8308100101/WHC-80%/Rep-1 - 24_FabaDr_193,"[2, 3, 6, 7, 10, 11, 14, 17, 18, 19, 23]",33,11,False
24_FabaDr_194,AP8308100101,AP8308100101,WHC-80,2,,,115.00000000000001,11.379999999999999,data/img/side_view/Acc-33 - AP8308100101/WHC-80%/Rep-2 - 24_FabaDr_194,data/img/top_view/Acc-33 - AP8308100101/WHC-80%/Rep-2 - 24_FabaDr_194,"[2, 4, 6, 8, 10, 12, 14, 15, 18, 20, 23]",33,11,False
24_FabaDr_195,AP8308100101,AP8308100101,WHC-80,3,,,189.05,18.57,data/img/side_view/Acc-33 - AP8308100101/WHC-80%/Rep-3 - 24_FabaDr_195,data/img/top_view/Acc-33 - AP8308100101/WHC-80%/Rep-3 - 24_FabaDr_195,"[2, 5, 6, 9, 10, 13, 14, 16, 18, 21, 23]",33,11,False
24_FabaDr_196,AP8308100101,AP8308100101,WHC-30,1,38.0,Late,70.47,6.74,data/img/side_view/Acc-33 - AP8308100101/WHC-30%/Rep-1 - 24_FabaDr_196,data/img/top_view/Acc-33 - AP8308100101/WHC-30%/Rep-1 - 24_FabaDr_196,"[2, 3, 6, 7, 10, 11, 14, 17, 18, 19, 23]",33,11,False
24_FabaDr_197,AP8308100101,AP8308100101,WHC-30,2,38.0,Late,89.69,9.22,data/img/side_view/Acc-33 - AP8308100101/WHC-30%/Rep-2 - 24_FabaDr_197,data/img/top_view/Acc-33 - AP8308100101/WHC-30%/Rep-2 - 24_FabaDr_197,"[2, 4, 6, 8, 10, 12, 14, 15, 18, 20, 22]",33,11,False
24_FabaDr_198,AP8308100101,AP8308100101,WHC-30,3,38.0,Late,74.25,6.73,data/img/side_view/Acc-33 - AP8308100101/WHC-30%/Rep-3 - 24_FabaDr_198,data/img/top_view/Acc-33 - AP8308100101/WHC-30%/Rep-3 - 24_FabaDr_198,"[2, 5, 6, 9, 10, 13, 14, 16, 18, 21, 23]",33,11,False
24_FabaDr_199,Seikanlampi,Seikanlampi,WHC-80,1,,,194.26000000000002,19.93,data/img/side_view/Acc-34 - Seikanlampi/WHC-80%/Rep-1 - 24_FabaDr_199,data/img/top_view/Acc-34 - Seikanlampi/WHC-80%/Rep-1 - 24_FabaDr_199,"[2, 3, 6, 7, 10, 11, 14, 17, 18, 19, 23]",33,11,False
24_FabaDr_200,Seikanlampi,Seikanlampi,WHC-80,2,,,69.96000000000001,6.710000000000001,data/img/side_view/Acc-34 - Seikanlampi/WHC-80%/Rep-2 - 24_FabaDr_200,data/img/top_view/Acc-34 - Seikanlampi/WHC-80%/Rep-2 - 24_FabaDr_200,"[2, 4, 6, 8, 10, 12, 14, 15, 18, 20, 23]",33,11,False
24_FabaDr_201,Seikanlampi,Seikanlampi,WHC-80,3,,,206.98,21.75,data/img/side_view/Acc-34 - Seikanlampi/WHC-80%/Rep-3 - 24_FabaDr_201,data/img/top_view/Acc-34 - Seikanlampi/WHC-80%/Rep-3 - 24_FabaDr_201,"[2, 5, 6, 9, 10, 13, 14, 16, 18, 21, 23]",33,11,False
24_FabaDr_202,Seikanlampi,Seikanlampi,WHC-30,1,28.0,Mid,77.53,8.120000000000001,data/img/side_view/Acc-34 - Seikanlampi/WHC-30%/Rep-1 - 24_FabaDr_202,data/img/top_view/Acc-34 - Seikanlampi/WHC-30%/Rep-1 - 24_FabaDr_202,"[2, 3, 6, 7, 10, 11, 14, 17, 18, 19, 23]",33,11,False
24_FabaDr_203,Seikanlampi,Seikanlampi,WHC-30,2,28.0,Mid,76.27,7.48,data/img/side_view/Acc-34 - Seikanlampi/WHC-30%/Rep-2 - 24_FabaDr_203,data/img/top_view/Acc-34 - Seikanlampi/WHC-30%/Rep-2 - 24_FabaDr_203,"[2, 4, 6, 8, 12, 14, 15, 18, 20, 23]",30,11,False
24_FabaDr_204,Seikanlampi,Seikanlampi,WHC-30,3,28.0,Mid,57.79,5.770000000000001,data/img/side_view/Acc-34 - Seikanlampi/WHC-30%/Rep-3 - 24_FabaDr_204,data/img/top_view/Acc-34 - Seikanlampi/WHC-30%/Rep-3 - 24_FabaDr_204,"[2, 5, 6, 9, 10, 13, 14, 16, 18, 21, 23]",33,11,False
24_FabaDr_205,Sairalame0401sepb,Sairalame0401sepb,WHC-80,1,,,,,data/img/side_view/Acc-35 - Sairalame0401sepb/WHC-80%/Rep-1 - 24_FabaDr_205,data/img/top_view/Acc-35 - Sairalame0401sepb/WHC-80%/Rep-1 - 24_FabaDr_205,"[2, 3, 6, 7, 10, 11, 14, 17, 18, 19, 23]",33,11,True
24_FabaDr_206,Sairalame0401sepb,Sairalame0401sepb,WHC-80,2,,,176.87,18.33,data/img/side_view/Acc-35 - Sairalame0401sepb/WHC-80%/Rep-2 - 24_FabaDr_206,data/img/top_view/Acc-35 - Sairalame0401sepb/WHC-80%/Rep-2 - 24_FabaDr_206,"[2, 4, 6, 8, 10, 12, 14, 15, 18, 20, 23]",33,11,False
24_FabaDr_207,Sairalame0401sepb,Sairalame0401sepb,WHC-80,3,,,208.67,21.82,data/img/side_view/Acc-35 - Sairalame0401sepb/WHC-80%/Rep-3 - 24_FabaDr_207,data/img/top_view/Acc-35 - Sairalame0401sepb/WHC-80%/Rep-3 - 24_FabaDr_207,"[2, 5, 6, 9, 10, 13, 14, 16, 18, 21, 23]",33,11,False
24_FabaDr_208,Sairalame0401sepb,Sairalame0401sepb,WHC-30,1,28.0,Mid,96.42999999999999,10.590000000000002,data/img/side_view/Acc-35 - Sairalame0401sepb/WHC-30%/Rep-1 - 24_FabaDr_208,data/img/top_view/Acc-35 - Sairalame0401sepb/WHC-30%/Rep-1 - 24_FabaDr_208,"[2, 3, 6, 7, 10, 11, 14, 17, 18, 19, 23]",33,11,False
24_FabaDr_209,Sairalame0401sepb,Sairalame0401sepb,WHC-30,2,28.0,Mid,89.0,8.520000000000001,data/img/side_view/Acc-35 - Sairalame0401sepb/WHC-30%/Rep-2 - 24_FabaDr_209,data/img/top_view/Acc-35 - Sairalame0401sepb/WHC-30%/Rep-2 - 24_FabaDr_209,"[2, 4, 6, 8, 10, 12, 14, 15, 18, 20, 22]",33,11,False
24_FabaDr_210,Sairalame0401sepb,Sairalame0401sepb,WHC-30,3,28.0,Mid,68.50999999999999,7.670000000000002,data/img/side_view/Acc-35 - Sairalame0401sepb/WHC-30%/Rep-3 - 24_FabaDr_210,data/img/top_view/Acc-35 - Sairalame0401sepb/WHC-30%/Rep-3 - 24_FabaDr_210,"[2, 5, 6, 9, 10, 13, 14, 16, 18, 21, 23]",33,11,False
24_FabaDr_211,Aunuksen kanta,Aunuksen kanta,WHC-80,1,,,208.81,18.65,data/img/side_view/Acc-36 - Aunuksen kanta/WHC-80%/Rep-1 - 24_FabaDr_211,data/img/top_view/Acc-36 - Aunuksen kanta/WHC-80%/Rep-1 - 24_FabaDr_211,"[2, 3, 6, 7, 10, 11, 14, 17, 18, 19, 23]",33,11,False
24_FabaDr_212,Aunuksen kanta,Aunuksen kanta,WHC-80,2,,,195.95000000000002,17.43,data/img/side_view/Acc-36 - Aunuksen kanta/WHC-80%/Rep-2 - 24_FabaDr_212,data/img/top_view/Acc-36 - Aunuksen kanta/WHC-80%/Rep-2 - 24_FabaDr_212,"[2, 4, 6, 8, 10, 12, 14, 15, 18, 20, 23]",31,11,False
24_FabaDr_213,Aunuksen kanta,Aunuksen kanta,WHC-80,3,,,242.80999999999997,21.91,data/img/side_view/Acc-36 - Aunuksen kanta/WHC-80%/Rep-3 - 24_FabaDr_213,data/img/top_view/Acc-36 - Aunuksen kanta/WHC-80%/Rep-3 - 24_FabaDr_213,"[2, 5, 6, 9, 10, 13, 14, 16, 18, 21, 23]",33,11,False
24_FabaDr_214,Aunuksen kanta,Aunuksen kanta,WHC-30,1,28.0,Mid,100.45,9.84,data/img/side_view/Acc-36 - Aunuksen kanta/WHC-30%/Rep-1 - 24_FabaDr_214,data/img/top_view/Acc-36 - Aunuksen kanta/WHC-30%/Rep-1 - 24_FabaDr_214,"[2, 3, 6, 7, 10, 11, 14, 17, 18, 19, 23]",33,11,False
24_FabaDr_215,Aunuksen kanta,Aunuksen kanta,WHC-30,2,28.0,Mid,123.67000000000002,11.89,data/img/side_view/Acc-36 - Aunuksen kanta/WHC-30%/Rep-2 - 24_FabaDr_215,data/img/top_view/Acc-36 - Aunuksen kanta/WHC-30%/Rep-2 - 24_FabaDr_215,"[2, 4, 6, 8, 10, 12, 14, 15, 18, 20, 22]",33,11,False
24_FabaDr_216,Aunuksen kanta,Aunuksen kanta,WHC-30,3,28.0,Mid,97.78,9.939999999999998,data/img/side_view/Acc-36 - Aunuksen kanta/WHC-30%/Rep-3 - 24_FabaDr_216,data/img/top_view/Acc-36 - Aunuksen kanta/WHC-30%/Rep-3 - 24_FabaDr_216,"[2, 5, 6, 9, 10, 13, 14, 16, 18, 21, 23]",33,11,False
24_FabaDr_217,Bondbona fran Kurt Jonsson,Bondbona fran Kurt Jonsson,WHC-80,1,,,209.62,19.69,data/img/side_view/Acc-37 - Bondbona fran Kurt Jonsson/WHC-80%/Rep-1 - 24_FabaDr_217,data/img/top_view/Acc-37 - Bondbona fran Kurt Jonsson/WHC-80%/Rep-1 - 24_FabaDr_217,"[2, 3, 6, 7, 10, 11, 14, 17, 18, 19, 23]",33,11,False
24_FabaDr_218,Bondbona fran Kurt Jonsson,Bondbona fran Kurt Jonsson,WHC-80,2,,,185.72,19.209999999999997,data/img/side_view/Acc-37 - Bondbona fran Kurt Jonsson/WHC-80%/Rep-2 - 24_FabaDr_218,data/img/top_view/Acc-37 - Bondbona fran Kurt Jonsson/WHC-80%/Rep-2 - 24_FabaDr_218,"[2, 4, 6, 8, 10, 12, 14, 15, 18, 20, 23]",33,11,False
24_FabaDr_219,Bondbona fran Kurt Jonsson,Bondbona fran Kurt Jonsson,WHC-80,3,,,219.57999999999998,21.489999999999995,data/img/side_view/Acc-37 - Bondbona fran Kurt Jonsson/WHC-80%/Rep-3 - 24_FabaDr_219,data/img/top_view/Acc-37 - Bondbona fran Kurt Jonsson/WHC-80%/Rep-3 - 24_FabaDr_219,"[2, 5, 6, 9, 10, 13, 14, 16, 18, 21, 23]",33,11,False
24_FabaDr_220,Bondbona fran Kurt Jonsson,Bondbona fran Kurt Jonsson,WHC-30,1,20.0,Early,100.03,9.469999999999999,data/img/side_view/Acc-37 - Bondbona fran Kurt Jonsson/WHC-30%/Rep-1 - 24_FabaDr_220,data/img/top_view/Acc-37 - Bondbona fran Kurt Jonsson/WHC-30%/Rep-1 - 24_FabaDr_220,"[2, 3, 6, 7, 10, 11, 14, 17, 18, 19, 23]",33,11,False
24_FabaDr_221,Bondbona fran Kurt Jonsson,Bondbona fran Kurt Jonsson,WHC-30,2,20.0,Early,90.39,9.049999999999999,data/img/side_view/Acc-37 - Bondbona fran Kurt Jonsson/WHC-30%/Rep-2 - 24_FabaDr_221,data/img/top_view/Acc-37 - Bondbona fran Kurt Jonsson/WHC-30%/Rep-2 - 24_FabaDr_221,"[2, 4, 6, 8, 10, 12, 14, 15, 18, 20, 22]",33,11,False
24_FabaDr_222,Bondbona fran Kurt Jonsson,Bondbona fran Kurt Jonsson,WHC-30,3,20.0,Early,71.72,7.1,data/img/side_view/Acc-37 - Bondbona fran Kurt Jonsson/WHC-30%/Rep-3 - 24_FabaDr_222,data/img/top_view/Acc-37 - Bondbona fran Kurt Jonsson/WHC-30%/Rep-3 - 24_FabaDr_222,"[2, 5, 6, 9, 10, 13, 14, 16, 18, 21, 23]",33,11,False
24_FabaDr_223,LAITIALA AP0101,LAITIALA AP0101,WHC-80,1,,,196.23000000000002,17.340000000000003,data/img/side_view/Acc-38 - LAITIALA AP0101/WHC-80%/Rep-1 - 24_FabaDr_223,data/img/top_view/Acc-38 - LAITIALA AP0101/WHC-80%/Rep-1 - 24_FabaDr_223,"[2, 3, 6, 7, 10, 11, 14, 17, 18, 19, 23]",33,11,False
24_FabaDr_224,LAITIALA AP0101,LAITIALA AP0101,WHC-80,2,,,178.8,21.1,data/img/side_view/Acc-38 - LAITIALA AP0101/WHC-80%/Rep-2 - 24_FabaDr_224,data/img/top_view/Acc-38 - LAITIALA AP0101/WHC-80%/Rep-2 - 24_FabaDr_224,"[2, 4, 6, 8, 10, 12, 14, 15, 18, 20, 22]",33,11,False
24_FabaDr_225,LAITIALA AP0101,LAITIALA AP0101,WHC-80,3,,,190.53,18.96,data/img/side_view/Acc-38 - LAITIALA AP0101/WHC-80%/Rep-3 - 24_FabaDr_225,data/img/top_view/Acc-38 - LAITIALA AP0101/WHC-80%/Rep-3 - 24_FabaDr_225,"[2, 5, 6, 9, 10, 13, 14, 16, 18, 21, 23]",33,11,False
24_FabaDr_226,LAITIALA AP0101,LAITIALA AP0101,WHC-30,1,17.0,Early,75.5,7.830000000000002,data/img/side_view/Acc-38 - LAITIALA AP0101/WHC-30%/Rep-1 - 24_FabaDr_226,data/img/top_view/Acc-38 - LAITIALA AP0101/WHC-30%/Rep-1 - 24_FabaDr_226,"[2, 3, 6, 7, 10, 11, 14, 17, 18, 19, 23]",33,11,False
24_FabaDr_227,LAITIALA AP0101,LAITIALA AP0101,WHC-30,2,17.0,Early,72.28,7.089999999999998,data/img/side_view/Acc-38 - LAITIALA AP0101/WHC-30%/Rep-2 - 24_FabaDr_227,data/img/top_view/Acc-38 - LAITIALA AP0101/WHC-30%/Rep-2 - 24_FabaDr_227,"[2, 4, 6, 8, 10, 12, 14, 15, 18, 20, 22, 23]",36,12,False
24_FabaDr_228,LAITIALA AP0101,LAITIALA AP0101,WHC-30,3,17.0,Early,69.3,6.280000000000001,data/img/side_view/Acc-38 - LAITIALA AP0101/WHC-30%/Rep-3 - 24_FabaDr_228,data/img/top_view/Acc-38 - LAITIALA AP0101/WHC-30%/Rep-3 - 24_FabaDr_228,"[2, 5, 6, 9, 10, 13, 14, 16, 18, 21, 23]",33,11,False
24_FabaDr_229,Sodergarden,Sodergarden,WHC-80,1,,,223.81,22.650000000000002,data/img/side_view/Acc-39 - Sodergarden/WHC-80%/Rep-1 - 24_FabaDr_229,data/img/top_view/Acc-39 - Sodergarden/WHC-80%/Rep-1 - 24_FabaDr_229,"[2, 3, 6, 7, 10, 11, 14, 17, 18, 19, 23]",33,11,False
24_FabaDr_230,Sodergarden,Sodergarden,WHC-80,2,,,254.64000000000001,24.07,data/img/side_view/Acc-39 - Sodergarden/WHC-80%/Rep-2 - 24_FabaDr_230,data/img/top_view/Acc-39 - Sodergarden/WHC-80%/Rep-2 - 24_FabaDr_230,"[2, 4, 6, 8, 10, 12, 14, 15, 18, 20, 23]",33,11,False
24_FabaDr_231,Sodergarden,Sodergarden,WHC-80,3,,,192.32,19.729999999999997,data/img/side_view/Acc-39 - Sodergarden/WHC-80%/Rep-3 - 24_FabaDr_231,data/img/top_view/Acc-39 - Sodergarden/WHC-80%/Rep-3 - 24_FabaDr_231,"[2, 5, 6, 9, 10, 13, 14, 16, 18, 21, 23]",33,11,False
24_FabaDr_232,Sodergarden,Sodergarden,WHC-30,1,28.0,Mid,80.39,8.450000000000001,data/img/side_view/Acc-39 - Sodergarden/WHC-30%/Rep-1 - 24_FabaDr_232,data/img/top_view/Acc-39 - Sodergarden/WHC-30%/Rep-1 - 24_FabaDr_232,"[2, 3, 6, 7, 10, 11, 14, 17, 18, 19, 23]",33,11,False
24_FabaDr_233,Sodergarden,Sodergarden,WHC-30,2,28.0,Mid,74.14,7.359999999999999,data/img/side_view/Acc-39 - Sodergarden/WHC-30%/Rep-2 - 24_FabaDr_233,data/img/top_view/Acc-39 - Sodergarden/WHC-30%/Rep-2 - 24_FabaDr_233,"[2, 4, 6, 8, 10, 12, 14, 15, 18, 20, 22]",33,11,False
24_FabaDr_234,Sodergarden,Sodergarden,WHC-30,3,28.0,Mid,77.41,9.21,data/img/side_view/Acc-39 - Sodergarden/WHC-30%/Rep-3 - 24_FabaDr_234,data/img/top_view/Acc-39 - Sodergarden/WHC-30%/Rep-3 - 24_FabaDr_234,"[2, 5, 6, 9, 10, 13, 14, 16, 18, 21, 23]",33,11,False
24_FabaDr_235,Pirhonen,Pirhonen,WHC-80,1,,,233.73999999999998,21.699999999999996,data/img/side_view/Acc-40 - Pirhonen/WHC-80%/Rep-1 - 24_FabaDr_235,data/img/top_view/Acc-40 - Pirhonen/WHC-80%/Rep-1 - 24_FabaDr_235,"[2, 3, 6, 7, 10, 11, 14, 17, 18, 19, 23]",33,11,False
24_FabaDr_236,Pirhonen,Pirhonen,WHC-80,2,,,149.4,15.58,data/img/side_view/Acc-40 - Pirhonen/WHC-80%/Rep-2 - 24_FabaDr_236,data/img/top_view/Acc-40 - Pirhonen/WHC-80%/Rep-2 - 24_FabaDr_236,"[2, 4, 6, 8, 10, 12, 14, 15, 18, 20, 23]",33,11,False
24_FabaDr_237,Pirhonen,Pirhonen,WHC-80,3,,,183.86,18.12,data/img/side_view/Acc-40 - Pirhonen/WHC-80%/Rep-3 - 24_FabaDr_237,data/img/top_view/Acc-40 - Pirhonen/WHC-80%/Rep-3 - 24_FabaDr_237,"[2, 5, 6, 9, 10, 13, 14, 16, 18, 21, 23]",33,11,False
24_FabaDr_238,Pirhonen,Pirhonen,WHC-30,1,10.0,Early,25.770000000000003,2.1500000000000004,data/img/side_view/Acc-40 - Pirhonen/WHC-30%/Rep-1 - 24_FabaDr_238,data/img/top_view/Acc-40 - Pirhonen/WHC-30%/Rep-1 - 24_FabaDr_238,"[2, 3, 6, 7, 10, 11, 14, 17, 18, 19, 23]",33,11,False
24_FabaDr_239,Pirhonen,Pirhonen,WHC-30,2,10.0,Early,53.73,4.719999999999999,data/img/side_view/Acc-40 - Pirhonen/WHC-30%/Rep-2 - 24_FabaDr_239,data/img/top_view/Acc-40 - Pirhonen/WHC-30%/Rep-2 - 24_FabaDr_239,"[2, 4, 6, 8, 10, 12, 14, 15, 18, 20, 22]",33,11,False
24_FabaDr_240,Pirhonen,Pirhonen,WHC-30,3,10.0,Early,,6.359999999999999,data/img/side_view/Acc-40 - Pirhonen/WHC-30%/Rep-3 - 24_FabaDr_240,data/img/top_view/Acc-40 - Pirhonen/WHC-30%/Rep-3 - 24_FabaDr_240,"[2, 5, 6, 9, 10, 13, 14, 16, 18, 21, 23]",33,11,False
24_FabaDr_241,Asbro,Asbro,WHC-80,1,,,205.59,18.22,data/img/side_view/Acc-41 - Asbro/WHC-80%/Rep-1 - 24_FabaDr_241,data/img/top_view/Acc-41 - Asbro/WHC-80%/Rep-1 - 24_FabaDr_241,"[2, 3, 6, 7, 10, 11, 14, 17, 18, 19, 23]",33,11,False
24_FabaDr_242,Asbro,Asbro,WHC-80,2,,,223.5,21.71,data/img/side_view/Acc-41 - Asbro/WHC-80%/Rep-2 - 24_FabaDr_242,data/img/top_view/Acc-41 - Asbro/WHC-80%/Rep-2 - 24_FabaDr_242,"[2, 4, 6, 8, 10, 12, 14, 15, 18, 20, 22]",33,11,False
24_FabaDr_243,Asbro,Asbro,WHC-80,3,,,159.35000000000002,14.920000000000002,data/img/side_view/Acc-41 - Asbro/WHC-80%/Rep-3 - 24_FabaDr_243,data/img/top_view/Acc-41 - Asbro/WHC-80%/Rep-3 - 24_FabaDr_243,"[2, 5, 6, 9, 10, 13, 14, 16, 18, 21, 23]",33,11,False
24_FabaDr_244,Asbro,Asbro,WHC-30,1,13.0,Early,87.22999999999999,8.990000000000002,data/img/side_view/Acc-41 - Asbro/WHC-30%/Rep-1 - 24_FabaDr_244,data/img/top_view/Acc-41 - Asbro/WHC-30%/Rep-1 - 24_FabaDr_244,"[2, 3, 6, 7, 10, 11, 14, 17, 18, 19, 23]",33,11,False
24_FabaDr_245,Asbro,Asbro,WHC-30,2,13.0,Early,55.650000000000006,5.02,data/img/side_view/Acc-41 - Asbro/WHC-30%/Rep-2 - 24_FabaDr_245,data/img/top_view/Acc-41 - Asbro/WHC-30%/Rep-2 - 24_FabaDr_245,"[2, 4, 6, 8, 10, 12, 14, 15, 18, 20, 22]",33,11,False
24_FabaDr_246,Asbro,Asbro,WHC-30,3,13.0,Early,71.67,6.310000000000002,data/img/side_view/Acc-41 - Asbro/WHC-30%/Rep-3 - 24_FabaDr_246,data/img/top_view/Acc-41 - Asbro/WHC-30%/Rep-3 - 24_FabaDr_246,"[2, 5, 6, 9, 10, 13, 14, 16, 18, 21, 23]",33,11,False
24_FabaDr_247,HAVO ME0801,HAVO ME0801,WHC-80,1,,,232.18,22.41,data/img/side_view/Acc-42 - HAVO ME0801/WHC-80%/Rep-1 - 24_FabaDr_247,data/img/top_view/Acc-42 - HAVO ME0801/WHC-80%/Rep-1 - 24_FabaDr_247,"[2, 3, 6, 7, 10, 11, 14, 17, 18, 19, 23]",33,11,False
24_FabaDr_248,HAVO ME0801,HAVO ME0801,WHC-80,2,,,138.51,12.77,data/img/side_view/Acc-42 - HAVO ME0801/WHC-80%/Rep-2 - 24_FabaDr_248,data/img/top_view/Acc-42 - HAVO ME0801/WHC-80%/Rep-2 - 24_FabaDr_248,"[2, 4, 6, 8, 10, 12, 14, 15, 18, 20, 23]",33,11,False
24_FabaDr_249,HAVO ME0801,HAVO ME0801,WHC-80,3,,,285.09000000000003,27.25,data/img/side_view/Acc-42 - HAVO ME0801/WHC-80%/Rep-3 - 24_FabaDr_249,data/img/top_view/Acc-42 - HAVO ME0801/WHC-80%/Rep-3 - 24_FabaDr_249,"[2, 5, 6, 9, 10, 13, 14, 16, 18, 21, 23]",33,11,False
24_FabaDr_250,HAVO ME0801,HAVO ME0801,WHC-30,1,33.0,Late,66.49000000000001,5.899999999999999,data/img/side_view/Acc-42 - HAVO ME0801/WHC-30%/Rep-1 - 24_FabaDr_250,data/img/top_view/Acc-42 - HAVO ME0801/WHC-30%/Rep-1 - 24_FabaDr_250,"[2, 3, 6, 7, 10, 11, 14, 17, 18, 19, 23]",33,11,False
24_FabaDr_251,HAVO ME0801,HAVO ME0801,WHC-30,2,33.0,Late,55.05,5.389999999999999,data/img/side_view/Acc-42 - HAVO ME0801/WHC-30%/Rep-2 - 24_FabaDr_251,data/img/top_view/Acc-42 - HAVO ME0801/WHC-30%/Rep-2 - 24_FabaDr_251,"[2, 4, 6, 8, 10, 12, 14, 15, 18, 20, 22]",33,11,False
24_FabaDr_252,HAVO ME0801,HAVO ME0801,WHC-30,3,33.0,Late,79.13,8.62,data/img/side_view/Acc-42 - HAVO ME0801/WHC-30%/Rep-3 - 24_FabaDr_252,data/img/top_view/Acc-42 - HAVO ME0801/WHC-30%/Rep-3 - 24_FabaDr_252,"[2, 5, 6, 9, 10, 13, 14, 16, 18, 21, 23]",33,11,False
24_FabaDr_253,Sigvard,Sigvard,WHC-80,1,,,162.06,18.529999999999998,data/img/side_view/Acc-43 - Sigvard/WHC-80%/Rep-1 - 24_FabaDr_253,data/img/top_view/Acc-43 - Sigvard/WHC-80%/Rep-1 - 24_FabaDr_253,"[2, 3, 6, 7, 10, 11, 14, 17, 18, 19, 23]",33,11,False
24_FabaDr_254,Sigvard,Sigvard,WHC-80,2,,,153.98,16.31,data/img/side_view/Acc-43 - Sigvard/WHC-80%/Rep-2 - 24_FabaDr_254,data/img/top_view/Acc-43 - Sigvard/WHC-80%/Rep-2 - 24_FabaDr_254,"[2, 4, 6, 8, 10, 12, 14, 15, 18, 20, 23]",33,11,False
24_FabaDr_255,Sigvard,Sigvard,WHC-80,3,,,158.15,17.14,data/img/side_view/Acc-43 - Sigvard/WHC-80%/Rep-3 - 24_FabaDr_255,data/img/top_view/Acc-43 - Sigvard/WHC-80%/Rep-3 - 24_FabaDr_255,"[2, 5, 6, 9, 10, 13, 14, 16, 18, 21, 23]",33,11,False
24_FabaDr_256,Sigvard,Sigvard,WHC-30,1,34.0,Late,210.87,9.020000000000001,data/img/side_view/Acc-43 - Sigvard/WHC-30%/Rep-1 - 24_FabaDr_256,data/img/top_view/Acc-43 - Sigvard/WHC-30%/Rep-1 - 24_FabaDr_256,"[2, 3, 6, 7, 10, 11, 14, 17, 18, 19, 23]",33,11,False
24_FabaDr_257,Sigvard,Sigvard,WHC-30,2,34.0,Late,71.16,7.5699999999999985,data/img/side_view/Acc-43 - Sigvard/WHC-30%/Rep-2 - 24_FabaDr_257,data/img/top_view/Acc-43 - Sigvard/WHC-30%/Rep-2 - 24_FabaDr_257,"[2, 4, 6, 8, 10, 12, 14, 15, 18, 20, 22]",33,11,False
24_FabaDr_258,Sigvard,Sigvard,WHC-30,3,34.0,Late,78.98,7.750000000000002,data/img/side_view/Acc-43 - Sigvard/WHC-30%/Rep-3 - 24_FabaDr_258,data/img/top_view/Acc-43 - Sigvard/WHC-30%/Rep-3 - 24_FabaDr_258,"[2, 5, 6, 9, 10, 13, 14, 16, 18, 21, 23]",33,11,False
24_FabaDr_259,Osel,Osel,WHC-80,1,,,78.52,18.0,data/img/side_view/Acc-44 - Osel/WHC-80%/Rep-1 - 24_FabaDr_259,data/img/top_view/Acc-44 - Osel/WHC-80%/Rep-1 - 24_FabaDr_259,"[2, 3, 6, 7, 10, 11, 14, 17, 18, 19, 23]",33,11,False
24_FabaDr_260,Osel,Osel,WHC-80,2,,,142.65,13.91,data/img/side_view/Acc-44 - Osel/WHC-80%/Rep-2 - 24_FabaDr_260,data/img/top_view/Acc-44 - Osel/WHC-80%/Rep-2 - 24_FabaDr_260,"[2, 4, 6, 8, 10, 12, 14, 15, 18, 20, 22]",33,11,False
24_FabaDr_261,Osel,Osel,WHC-80,3,,,211.23,21.1,data/img/side_view/Acc-44 - Osel/WHC-80%/Rep-3 - 24_FabaDr_261,data/img/top_view/Acc-44 - Osel/WHC-80%/Rep-3 - 24_FabaDr_261,"[2, 5, 6, 9, 10, 13, 14, 16, 18, 21, 23]",33,11,False
24_FabaDr_262,Osel,Osel,WHC-30,1,28.0,Mid,74.67999999999999,7.460000000000001,data/img/side_view/Acc-44 - Osel/WHC-30%/Rep-1 - 24_FabaDr_262,data/img/top_view/Acc-44 - Osel/WHC-30%/Rep-1 - 24_FabaDr_262,"[2, 3, 6, 7, 10, 11, 14, 17, 18, 19, 23]",33,11,False
24_FabaDr_263,Osel,Osel,WHC-30,2,28.0,Mid,105.28,10.120000000000001,data/img/side_view/Acc-44 - Osel/WHC-30%/Rep-2 - 24_FabaDr_263,data/img/top_view/Acc-44 - Osel/WHC-30%/Rep-2 - 24_FabaDr_263,"[2, 4, 6, 8, 10, 12, 14, 15, 18, 20, 22]",33,11,False
24_FabaDr_264,Osel,Osel,WHC-30,3,28.0,Mid,85.89,7.100000000000001,data/img/side_view/Acc-44 - Osel/WHC-30%/Rep-3 - 24_FabaDr_264,data/img/top_view/Acc-44 - Osel/WHC-30%/Rep-3 - 24_FabaDr_264,"[2, 5, 6, 9, 10, 13, 14, 16, 18, 21, 23]",32,11,False
